CD;1349;Winter Mass [Limited Digipack Edition];FRANCE;48000
CD;200 STAB WOUNDS;Slave To The Scalpel;GERMANY;38500
CD;38 SPECIAL;Rockin' Into The Night + Captured Live 1984 [2CD];FRANCE;54000
DVD;A LEGEND [Limited Slipcase Edition];;USA;65000
DVD;A PERFECT CIRCLE;The Outsider - Lost In The Bermuda Triangle;USA;42500
LP;A THOUSAND HORSES;Live At Metropolis Studios [RSD 2017 Exclusive];USA;77500
LP;AARON LEWIS;Frayed At Both Ends (Deluxe) [Red & Blue Vinyl 2 LP];USA;89000
CD;AARON LEWIS;The Hill;USA;30500
LP;AARON LEWIS;The Hill [Coke Bottle Clear Vinyl];USA;73500
LP;ABSURD;Werwolfthron [Black Vinyl Limited To 100 Copies];GERMANY;184500
LP;ABSURD;Werwolfthron [Black Vinyl Limited To 100 Copies];GERMANY;184500
DVD;AC/DC;Live At River Plate;ARG;17500
CD;ACCEPT;Humanoid;ARG;10000
CD;AD INFINITUM;Abyss [Digipack];AUSTRIA;51000
LP;ADRIAN SMITH / RICHIE KOTZEN;"Better Days EP [Limited Edition 12"" EP RSD Black Friday 2021]";USA;114500
LP;AEROSMITH;Get A Grip [2LP];USA;172000
LP;AEROSMITH;The Road Starts Hear;NETHERLANDS;44000
LP;AEROSMITH;The Road Starts Hear;NETHERLANDS;44000
LP;ALABAMA;Alabama & Friends At The Ryman (2LP);USA;97500
CD;ALICE COOPER;Live At Toronto Rock 'N' Roll Revival 1969;USA;22500
LP;ALICE COOPER;School's Out [50th Anniversary Deluxe Edition 3LP];CZECH REPUBLIC;326000
CD;ALICE IN CHAINS;Alice In Chains;UK;23000
LP;ANDRES CALAMARO;Dios Los Cria (Incluye Postal Firmada);ARG;55500
LP;ANDRES CALAMARO;Dios Los Cria (Incluye Postal Firmada);ARG;55500
DVD;ANTHRAX;Chile On Hell;USA;41000
LP;ARCADEA;Arcadea;USA;62000
LP;ASSJACK;Assjack LP+CD;LP;112000
LP;ATTAQUE 77;El Cielo Puede Esperar;ARG;62000
LP;AUTHOR & PUNISHER;Women & Children [Custom Tri-Color Stripe w/ Splatter Edition Limited To 900 Copies];CZECH REPUBLIC;59000
CD;AVALANCH;El Angel Caido;ARG;7500
LP;AVATARIUM;Hurricanes And Halos;GERMANY;125000
CD;AVERNAL;Ekpryrosis [Digipack];ARG;17000
LP;AVTT/PTTN;AVTT/ PTTN (The Avett Brothers and Mike Patton) [Half Speed Mastering 180g Sunspot Vinyl];USA;94500
CD;AXEL RUDI PELL;The Ballads V [Digipack];GERMANY;36000
LP;BABASONICOS;Babasonica;ARG;52000
CD;BAEST;Colossal [Limited Digipack Edition w/ 3 Bonus Tracks];USA;45000
LP;BANDA DE LA MUERTE;Pulso De Una Mente Maldita;CZECH REPUBLIC;74500
LP;BANDA DE LA MUERTE;Seis Canciones 10 Pulgadas;CZECH REPUBLIC;74500
CD;BANGALORE CHOIR;Rapid Fire Succession: On Target Part II;UK;51500
CD;BARCLAY JAMES HARVEST;Gone To Earth;GERMANY;27500
CD;BATTLE BEAST;Steelbound;USA;45000
CD;BEASTO BLANCO;Kinetica [Digipack];USA;34000
CD;BEAT;BEAT Live [2CD+BR Special Edition Digipack In Slipcase];GERMANY;76000
CD;BEAT;BEAT Live [2CD+BR Special Edition Digipack In Slipcase];GERMANY;76000
CD;BEAT;BEAT Live [2CD+BR Special Edition Digipack In Slipcase];GERMANY;76000
CD;BEAT;BEAT Live [Limited Deluxe 3CD+BR Artbook];GERMANY;164000
LP;BEAT;BEAT Live [Limited Deluxe 3LP Gatefold 180g Trans. Ruby Red Vinyl];GERMANY;152500
CD;BEHEMOTH;The Shit Ov God;ARG;13500
CD;BEHEMOTH;The Shit Ov God;USA;40000
CD;BEHEMOTH;The Shit Ov God;USA;40000
CD;BEHEMOTH;The Shit Ov God;USA;40000
CD;BILL WYMAN;Treasury [7CD Deluxe Box Set];UK;220500
LP;BILLY MORRISON;The Morrison Project [Deluxe Edition 2LP];USA;116500
LP;BILLY MORRISON;The Morrison Project [Deluxe Edition 2LP];USA;116500
LP;BILLY STRINGS & BRYAN SUTTON;Live At The Legion [2LP Limited Edition Exclusive Red, White & Blue Vinyl];USA;162000
CD;BIOHAZARD;Urban Discipline + No Holds Barred - Live In Europe [2CD Digipack];UK;53500
CD;BJORK;Cornucopia: Live [2CD+DVD Digipack];UK;113000
CD;BLACK LABEL SOCIETY;Hangover Music Vol. VI [Digipack];USA;33000
BOX;BLACK LABEL SOCIETY;None More Black [Complete Studio LP Box Set];USA;1578000
CD;BLACK RAINBOWS;Hawkdope [Digipack];GERMANY;19500
CD;BLACK SABBATH;Dehumanizer [Deluxe Edition 2CD];ARG;32000
LP;BLACK SABBATH;Headless Cross [2024 Remaster];GERMANY;81000
CD;BLACK SABBATH;Vol.4 [Super Deluxe Edition 4CD];GERMANY;161000
DVD;BLACK VEIL BRIDES;Alive And Burning;USA;30000
BR;BLACKBERRY SMOKE;Homecoming Live In Atlanta;USA;100000
DVD;BLACKBERRY SMOKE;Live At The Georgia Theatre;USA;89500
DVD;BLACKBERRY SMOKE w/ Bob Weir;An Evening At Tri;USA;69500
CD;BLAKE SHELTON;Cheers It's Christmas (2017 Edition) Deluxe Edition 3 new songs;USA;36500
LP;BLAKE SHELTON;Cheers, It's Christmas (Vinyl);USA;80000
LP;BLAZE BAYLEY;Damaged Strange Different & Live;UK;130000
CD;BLOKE;Demolición;ARG;15000
CD;BLOOD INCANTATION;Hidden History of the Human Race;GERMANY;23000
CD;BLUE MURDER;Screaming Blue Murder: Dedicated to Phil Lynott (SHM-CD) [UICY-25642];JAPAN;59000
CD;BOB CATLEY;When Empires Burn;UK;64000
LP;BON JOVI;Forever [Legendary Edition 2LP];USA;112000
CD;BON JOVI;Slippery When Wet (Limited Edition LP-Sized Cardboard Sleeve) [UICY-95004];JAPAN;141500
CD;BONFIRE;Freudenfeuer;GERMANY;32000
LP;BRANT BJORK;Brant Bjork;GERMANY;70500
CD;BRIAN MAY;Back To The Light [Deluxe Edition 2CD Digipack];USA;10500
CD;BRIAN MAY;Back To The Light [Deluxe Edition 2CD Digipack];USA;10500
CD;BRIAN MAY;Back To The Light [Deluxe Edition 2CD Digipack];USA;10500
CD;BROTHERS OF A FEATHER (feat. Chris & Rich Robinson);Live At The Roxy;USA;26000
CD;BRUCE DICKINSON;More Balls To Picasso [Digipack];GERMANY;40000
LP;BRUCE DICKINSON;More Balls To Picasso [Limited Edition Splatter Vinyl 2LP];CZECH REPUBLIC;116500
CD;BRUCE DICKINSON;The Mandrake Project [Limited Edition Deluxe CD Book];CZECH REPUBLIC;68500
CD;BRUCE DICKINSON;The Mandrake Project [Limited Edition Deluxe CD Book];CZECH REPUBLIC;68500
CD;BRUCE DICKINSON;The Mandrake Project [Limited Edition Deluxe CD Book];CZECH REPUBLIC;68500
CD;BRUCE SPRINGSTEEN;Nebraska '82 [Expanded Edition 4CD+BR];USA;224000
CD;BRUCE SPRINGSTEEN;Nebraska '82 [Expanded Edition 4CD+BR];USA;167500
CD;BTS;Face Yourself [UICY-1095];JAPAN;48000
CD;BUCKCHERRY;Roar Like Thunder [Digipack];USA;29500
CD;BUDDY GUY;Ain't Done With The Blues;USA;42000
LP;BUNBURY;Greta Garbo;ARG;48500
CD;CANCER;Inverted World;UK;51000
LP;CANDLEMASS;Black Star;AUSTRIA;62500
"12""";CARR JAM - 21;"Carr Jam - 21 (12"" Vinyl + Poster Limited To 100 Copies)";SWEDEN;116500
CD;CASANOVA;One Night Stand + Bonus Tracks [2CD];FRANCE;49500
CD;CAVALERA;Schizophrenia;USA;33500
CD;CAVALERA;Schizophrenia;USA;33500
CD;CAVALERA;Schizophrenia;USA;33500
CD;CAVALERA CONSPIRACY;Pandemonium ;GERMANY;35000
LP;CHARLY GARCIA;Como Conseguir Chicas;ARG;37000
LP;CHARLY GARCIA;El Aguante;ARG;37000
LP;CHARLY GARCIA;La Lógica Del Escorpion [Edición Limitada Numerada a 7000 Copias];ARG;108000
LP;CHARLY GARCIA;La Lógica Del Escorpion [Edición Limitada Numerada a 7000 Copias];ARG;108000
LP;CHARLY GARCIA;La Lógica Del Escorpion [Edición Limitada Numerada a 7000 Copias];ARG;108000
LP;CHARLY GARCIA;La Lógica Del Escorpion [Edición Limitada Numerada a 7000 Copias];ARG;108000
LP;CHARLY GARCIA;La Lógica Del Escorpion [Edición Limitada Numerada a 7000 Copias];ARG;108000
LP;CHARLY GARCIA;Musica Del Alma [2LP];ARG;69000
LP;CHARLY GARCIA;Parte De La Religión;ARG;40500
LP;CHARLY GARCIA;Random;ARG;52000
LP;CHARLY GARCIA;Random;ARG;37000
LP;CHARLY GARCIA;Rock And Roll [Vinilo Naranja];ARG;63500
LP;CHARLY GARCIA;Say No More [2LP];ARG;56000
LP;CHARLY GARCIA;Yendo De La Cama Al Living;ARG;50500
LP;CHARLY GARCIA / PEDRO AZNAR;Tango;ARG;37000
LP;CHARLY GARCIA / PEDRO AZNAR;Tango 4;ARG;37000
CD;CHEWELCHE;Sed De Resistencia [Slipcase];ARG;15500
LP;CHURCH OF MISERY;Born Under A Mad Sign [2LP Purple Vinyl Limited to 1000 Copies];UK;148500
LP;CHURCH OF MISERY;Early Works Compilation [3LP beer/clear yellow/clear green w/ smoke effect Coloured Vinyl - Limited To 200 Copies];FRANCE;267500
CD;CIRITH UNGOL;Live At The Roxy [2CD+DVD Digipack];GERMANY;70000
CD;CIRITH UNGOL;Live At The Roxy [2CD+DVD Digipack];GERMANY;70000
CD;CLAUDIO O'CONNOR & DARLOTODO;17/05/2025 Vivo Teatro Vorterix Buenos Aires, Argentina [2CD Slipcase];ARG;25000
LP;CODY JINKS;Lifers;USA;63000
CD;CODY JOHNSON;Ain't Nothin' To It;USA;47000
LP;COFFIN STORM;Arcana Rising;UK;90500
LP;COLOR HUMANO;Color Humano;ARG;37000
CD;COMPAÑERO ASMA;Mágica Posesión;ARG;15000
CD;COMPAÑERO ASMA;National Rock [Digipack];ARG;15000
CD;COMPAÑERO ASMA;Templado [Templado];ARG;15000
CD;CONFEDERATE RAILROAD;When and Where (CD, 1995, Atlantic);USA;39500
CD;CORONER;Dissonance Theory;ARG;12500
CD;CORONER;Dissonance Theory;ARG;12500
CD;CORONER;Dissonance Theory;ARG;12500
CD;CORONER;No More Color;ARG;12500
CD;CORONER;Punishment For Decadence;ARG;12500
CD;CORROSION OF CONFORMITY;No Cross No Crown [Digipack];GERMANY;57000
CD;CORY MARKS;Who I Am;USA;47000
CD;COSMIC REAPER;Cosmic Reaper [Digipack];GERMANY;19500
CD;COUNTING CROWS;August & Everything After;USA;47500
CD;CRANEO;Cráneo;ARG;12500
CD;CRAVING;At Dawn;GERMANY;33000
CD;CREAM;Royal Albert Hall London May 2-3-5-6 [2CD];ARG;14500
CD;CREAM;Royal Albert Hall London May 2-3-5-6 [2CD];ARG;14500
CD;CRYPT TRIP;Rootstock [Digipack];GERMANY;19500
CD;DARK ANGEL;Leave Scars;GERMANY;23000
CD;DARK FUNERAL;We Are The Apocalypse [Slipcase];BRAZIL;20000
CD;DARK FUNERAL;Where Shadows Forever Reign;GERMANY;19000
CD;DARKNESS;Death Squad;GERMANY;45500
LP;DARKTHRONE;Thulcandra;UK;64000
CD;DAVID BOWIE;Station To Station;UK;11000
BR;DAVID GILMOUR;Live At The Circus Maximus [2BR Digipack];GERMANY;108000
LP;DAVID GILMOUR;Luck And Strange Concerts [4LP Box Set];GERMANY;409000
CD;DAVID HILLYARD & THE ROCKSTEADY 7;Plague Doctor [Digipack];USA;37000
CD;DE LA CRUZ;Street Level;ARG;47000
CD;DEAD LETTER CIRCUS;DEAD LETTER CIRCUS;JAPAN;67000
CD;DEAD LETTER CIRCUS;Next In Line;USA;36000
CD;DEAD LETTER CIRCUS;The Endless Mile [Digipack];USA;66500
LP;DEATH CULT;Paradise Now;USA;104500
CD;DEATHHAMMER;Forever Ripping Fast;ARG;13000
CD;DEATHHAMMER;Phantom Knights;ARG;13000
CD;DEATHSTARS;Synthetic Generation;USA;17500
CD;DEATHSTARS;Termination Bliss;ARG;6500
CD;DEEDS OF FLESH;Inbreeding The Anthropophagi;ARG;15500
CD;DEEDS OF FLESH;Trading Pieces;ARG;15500
LP;DEEP PURPLE;"All I Got Is You [12"" Single]";GERMANY;49500
CD;DEEP PURPLE;Fireball [25th Anniversary Edition Slipcase];UK;25000
CD;DEEP PURPLE;From The Setting Sun… (In Wacken) 2CD+DVD;CD;71000
CD;DEEP PURPLE;Live In Newcastle 2001 (2CD) [GQCS-90801];JAPAN;92500
CD;DEEP PURPLE;Rapture Of The Deep [20th Anniversary Remix 2CD Digipack];USA;51000
LP;DEEP PURPLE;Rapture Of The Deep [20th Anniversary Remix 3LP Limited Transparent Sky Blue Vinyl];GERMANY;170500
CD;DEEP PURPLE;Time For Bedlam (CD SINGLE);GERMANY;27500
CD;DEEP PURPLE;Whoosh! (Limited Edition CD+DVD Digibook);GERMANY;94000
CD;DEERHOOF;Deerhoof Vs. Evil;ARG;10500
"7""";DEF LEPPARD;Just Like 73;POLAND;39000
CD;DEF LEPPARD;Pyromania [40th Anniversary Deluxe 2CD Digipack];CZECH REPUBLIC;47500
BOX;DEF LEPPARD;Pyromania [40th Anniversary Deluxe 4CD+BR];GERMANY;193000
CD;DEFTONES;B-sides & Rarities [Digipack];GERMANY;110000
LP;DER STURMER;Bloodsworn II [2LP Black Vinyl];FINLAND;85500
CD;Derek and the dominos;Layla and Other Assorted Love Songs Cardboard Sleeve Mini Lp;JAPAN;87000
LP;DESERT SESSIONS;Vol. 11 & 12;USA;73500
LP;Devin Townsend;Z2 4LP+2CD Box Set;USA;403500
CD;DEVIUS;The Absents Presence;ARG;6500
LP;DIE TOTEN HOSEN;Fiesta Y Ruido [2LP Coloured Vinyl Limited Numbered Edition To 10,000 Copies];GERMANY;127500
LP;DIE TOTEN HOSEN;Fiesta Y Ruido [2LP Coloured Vinyl Limited Numbered Edition To 10,000 Copies];GERMANY;127500
LP;DIE TOTEN HOSEN;Fiesta Y Ruido [2LP Coloured Vinyl Limited Numbered Edition To 10,000 Copies];GERMANY;127500
LP;DIE TOTEN HOSEN;Fiesta Y Ruido [2LP Coloured Vinyl Limited Numbered Edition To 10,000 Copies];GERMANY;127500
CD;DIE TOTEN HOSEN;Fiesta Y Ruido [Digipack];GERMANY;61500
CD;DIO;Sacred Heart (SHM-CD) [UICY-20254];JAPAN;59000
CD;DISMEMBER;Indecent & Obscene [Remaster];USA;49500
CD;DISMEMBER;Pieces [Remaster];USA;49500
LP;DIVIDIDOS;40 Dibujos Ahí En El Piso;CZECH REPUBLIC;52000
CD;DIVIDIDOS;Acariciando Lo Aspero [Digipack];ARG;26000
LP;DIVIDIDOS;Divididos [2LP];ARG;110000
CD;DOKKEN;Back For The Attack [Digipack];USA;44000
CD;DOZER;Rewind To Return: Rarities Singles And B-sides [Digipack];GERMANY;41500
CD;DREAD MAR I;A Tempo;ARG;25500
CD;DREAM MASTER;Spread Your Wings;USA;27500
CD;DREAM MASTER;Spread Your Wings;USA;27500
LP;DREAM THEATER;Falling Into Infinity [2LP Limited Edition Clear Vinyl];NETHERLANDS;117000
LP;DREAM THEATER;Octavarium [Rocktober 2025 2LP Clear Vinyl];GERMANY;117000
LP;DREAM THEATER;Parasomnia [Gatefold 180g Ultra Clear 2LP];GERMANY;108000
LP;DREAM THEATER;Quarantieme: Live A Paris [4LP Deluxe 180g Fruit Punch Colored Vinyl];CZECH REPUBLIC;233500
CD;DREAM THEATER;Quarantieme: Live A Paris [Limited Deluxe 3CD+3BR Artbook];GERMANY;240500
LP;DREAM THEATER;Six Degrees of Inner Turbulence [Rocktober 2025 2LP Clear Vinyl];GERMANY;117000
LP;DREAM THEATER;Systematic Chaos [Rocktober 2025 2LP Clear Vinyl];GERMANY;126000
CD;DREAM THEATER;The Studio Albums 1992-2016 [14CD Digipack Box Set];GERMANY;301000
LP;DREAM THEATER;Train of Thought [Rocktober 2025 2LP Clear Vinyl];GERMANY;117000
LP;DREAM THEATER;When Dream And Day Unite [180g Audiophile Vinyl];NETHERLANDS;106500
CD;DROPKICK MURPHYS;11 Short Stories of Pain & Glory [Digipack];USA;49500
LP;DROPKICK MURPHYS;For the People [2LP];USA;111000
CD;DUA LIPA;Dua Lipa [Deluxe Limited Edition];ARG;14000
CD;DUA LIPA;Dua Lipa [Deluxe Limited Edition];ARG;14000
CD;DUA LIPA;Dua Lipa [Deluxe Limited Edition];ARG;14000
CD;DUA LIPA;Dua Lipa [Deluxe Limited Edition];ARG;14000
CD;DUA LIPA;Future Nostalgia + Club Future [2CD Bonus Edition];ARG;16000
CD;DUA LIPA;Future Nostalgia + Club Future [2CD Bonus Edition];ARG;16000
CD;DUA LIPA;Future Nostalgia + Club Future [2CD Bonus Edition];ARG;16000
CD;DUA LIPA;Future Nostalgia + Club Future [2CD Bonus Edition];ARG;16000
CD;DUA LIPA;Future Nostalgia + Club Future [2CD Bonus Edition];ARG;16000
LP;DUANE BETTS;Wild & Precious Life [2LP];USA;165500
LP;DUFF MCKAGAN;Lighthouse: Live From London [2LP];GERMANY;117000
CD;DUFF MCKAGAN;Lighthouse: Live From London [CD+BR Digipack];GERMANY;98500
LP;EAGLES OF DEATH METAL;Zipper Down;USA;78500
DVD;EL OTRO YO;Contagiandome La Energía Del Otro - En Vivo En Obras [DVD+CD];ARG;2000
CD;EL POLAKO;Bandits & Covers Vol.1;ARG;7500
CD;EL POLAKO;Bandits & Covers Vol.1;ARG;7500
CD;EL POLAKO;Bandits & Covers Vol.1;ARG;7500
CD;EL POLAKO;Bandits & Covers Vol.2;ARG;7500
CD;EL POLAKO;Bandits & Covers Vol.2;ARG;7500
CD;EL POLAKO;Bandits & Covers Vol.2;ARG;7500
CD;EL POLAKO;Bandits & Covers Vol.2;ARG;7500
LP;EL RELOJ;El Reloj II;ARG;38000
CD;EL REMOLON;Boxeo Constitucion;ARG;25000
CD;ELECTRIC WIZARD;Black Masses;UK;44500
CD;ELECTRIC WIZARD;Electric Wizard;UK;44500
CD;ELECTRO NOMICON;Unleashing The Shadows;ARG;9500
CD;ELEGANT WEAPONS;Horns For A Halo;USA;49500
BR;ELEKTRA Jennifer Garner BLU RAY NEW;;USA;67000
CD;ELLEFSON-SOTO;Unbreakable;USA;32000
CD;ELLEFSON-SOTO;Unbreakable;USA;32000
CD;ELLEFSON-SOTO;Unbreakable;USA;32000
CD;EPICA;Aspiral [Limited Earbook Edition 4CD+BR];GERMANY;250000
CD;EPICA;Omega;ARG;14000
LP;ERIC CARR;Rockology [RSD Black Friday 2025 Liquid Vinyl Collectors Limited Numbered Edition To 3000 Copies];USA;266500
LP;ERIC CARR;Unfinished Business [Collector's Edition Picture Disc];USA;40000
LP;ERIC CARR;Unfinished Business [RSD Black Friday 2025 Liquid Vinyl Collectors Limited Numbered Edition To 3000 Copies];USA;266500
CD;ERIC CLAPTON;Clapton;ARG;10000
CD;ERIC CLAPTON;Eric Clapton's Crossroads Guitar Festival 2023 [4CD+2BR];GERMANY;278500
CD;ERIC CLAPTON;From The Cradle (Cardboard Sleeve Mini LP) [WPCR-10120];JAPAN;80500
CD;ERIC CLAPTON;I Still Do [Digipack];ARG;16500
CD;ERIC CLAPTON;Journeyman (Cardboard Sleeve Mini LP)  [WPCR-10116];JAPAN;80500
CD;ERIC CLAPTON;Just One Night (2SHM-CD Cardboard Sleeve Mini LP) [UICY-80571/2];JAPAN;137500
BR;ERIC CLAPTON;Nothing But The Blues [Digipack];GERMANY;73000
CD;ERIC CLAPTON;Old Sock (SHM-CD) [UICP-1153];JAPAN;87000
CD;ERIC CLAPTON;To Save A Child An Intimate Live Concert [CD+BR Digipack];USA;49000
CD;ERIC CLAPTON;Unplugged (Cardboard Sleeve Mini Lp) [WPCR-10119];JAPAN;94500
CD;ERIC CLAPTON & FRIENDS;The Breeze An Appreciaton Of JJ Cale (SHM-CD) [UICP-1162];JAPAN;87000
CD;ERICA CAMPBELL;I Love You;USA;49500
CD;EUROPE;Prisoners In Paradise [Collector's Edition Remastered & Reloaded];UK;49000
CD;EXODUS;Persona Non Grata;ARG;15500
CD;EXUMER;The Raging Tides;USA;52000
CD;EYEHATEGOD;A History Of Nomadic Behavior [Digipack];GERMANY;30000
CD;FAIR TO MIDLAND;The Drawn and Quartered EP;USA;38000
CD;FALSO CONTACTO;Calavera Porno;ARG;6500
CD;FAST EDDIE CLARKE;Make My Day - The Rock N Roll Story Of Eddie Clarke [4CD Deluxe Box Set];UK;231500
BR;Femme Fatale (Blu-ray, 2002);;USA;62000
CD;Flemita;Underpunk;ARG;20000
CD;FLORENCIA ANDRADA;Otra Realidad;ARG;20000
CD;FLYING COLORS;Third Degree [Limited Edition 2CD Box Set];NETHERLANDS;75500
CD;FONICOS;Cuatro de copas;ARG;6500
CD;FOO FIGHTERS;Foo Fighters;GERMANY;23000
LP;Foo Fighters;Saint Cecilia EP;USA;44500
CD;FOREIGNER;Can't Slow Down …When It's LIVE [2CD];USA;40500
LP;FOREST;Forest [2LP Black Vinyl];FINLAND;218000
LP;FRANGAR;Vomini Vincere [Black Vinyl];GERMANY;58500
CD;FRANZ FERDINAND;Sparks;ARG;9500
CD;FREDDIE FENDER;The Golden Voice of the Texas Gulf Coast [Digipack];USA;39000
CD;FU MANCHU;Start The Machine [Digipack];USA;49500
CD;FU MANCHU;The Return Of Tomorrow [Limited Edition Digipack];USA;44500
CD;FU MANCHU;The Return Of....Live [Digipack];USA;44500
TOY;FUNKO POP! ROCKS:;FUNKO POP! ROCKS: Iron Maiden- Eddie- Somewhere in Time (Styles May Vary);USA;34000
TOY;FUNKO POP! ROCKS:;FUNKO POP! ROCKS: Iron Maiden- Eddie- Somewhere in Time (Styles May Vary);USA;34000
TOY;FUNKO POP! ROCKS:;FUNKO POP! ROCKS: Iron Maiden- Eddie- Somewhere in Time (Styles May Vary);USA;34000
TOY;FUNKO POP! ROCKS:;FUNKO POP! ROCKS: Jerry Garcia;USA;83500
LP;GALACTIC EMPIRE;Galactic Empire [VINYL];UK;112500
CD;GAMMA RAY;To The Metal;ARG;12500
CD;GARBAGE;Strange Little Birds [Digipack];USA;47500
CD;GARY CLARK JR.;The Story Of Sonny Boy Slim [Digipack];UK;47000
CD;GATECREEPER;Dark Superstition;USA;33500
LP;GATOS SUCIOS;Locura General [2021 Remastered 180g Vinyl Gatefold, Limited to 300 Copies];ARG;25500
LP;GATOS SUCIOS;Locura General [2021 Remastered 180g Vinyl Gatefold, Limited to 300 Copies];ARG;25500
CD;GEORGE JONES;Sings The Big Ones;USA;37500
CD;GEORGE LYNCH;Orchestral Mayhem;USA;48000
CD;GEORGE LYNCH;Orchestral Mayhem;USA;48000
CD;GHOST;Impera;USA;44000
CD;GHOST;Skeletá;USA;40500
CD;GHOST;Skeletá;USA;44000
LP;GIOELI CASTRONOVO;Set The World On Fire;ITALY;130000
CD;GIRL;LIVE IN LONDON-FEBRUARY 26 1980;UK;56500
LP;GIRL;Sheer Greed [Japan 1ST Press w/OBI & Insert];JAPAN;139000
LP;GIRLSCHOOL;Play Dirty;USA;46500
CD;GLENN HUGHES;Chosen;ITALY;38000
CD;GLENN HUGHES;Chosen;ITALY;38000
LP;GLENN HUGHES;Chosen;ITALY;84500
LP;GLENN HUGHES;Chosen [Purple Vinyl];ITALY;93500
CD;GLOWSUN;Beyond The Wall Of Time [Digipack];GERMANY;48000
CD;GO AHEAD & DIE;Go Ahead And Die;USA;31500
CD;GOTTHARD;Human Zoo;UK;14500
CD;GOV'T MULE;Déjá Voodoo [2CD];UK;47500
CD;GOV'T MULE;DOSE ;USA;33000
CD;GOV'T MULE;Dub Side Of The Mule [Limited Edition 3CD+DVD Digipack];USA;87000
CD;GOV'T MULE;Life Before Insanity / Dose [2CD];USA;47500
CD;GOV'T MULE;Revolution Come... Revolution Go [Deluxe Edition 2CD Digipack];USA;88500
CD;GRAMATICA TAPIA;22 Insomnios;ARG;7500
CD;GRAND FUNK RAILROAD;Grand Funk;USA;58000
LP;GRANDE ROYALE;Breaking News;SWEDEN;93000
CD;GRATEFUL DEAD;American Beauty Mini LP SHM CD [WPCR-15141];JAPAN;183000
CD;GRATEFUL DEAD;Anthem Of The Sun  Mini LP SHM CD [WPCR-15137];JAPAN;183000
CD;GRATEFUL DEAD;Aoxomoxoa Mini LP SHM CD [WPCR-15138];JAPAN;183000
CD;GRATEFUL DEAD;Built To Last  (A32D-93) 1989;JAPAN;66000
CD;GRATEFUL DEAD;Grateful Dead Mini LP SHM CD [WPCR-15142];JAPAN;183000
CD;GRATEFUL DEAD;Live Dead Mini LP SHM CD [WPCR-15139];JAPAN;183000
CD;GRATEFUL DEAD;Long Strange Trip Soundtrack (3CD)(Amazon Exclusive);USA;107000
CD;GRATEFUL DEAD;The Grateful Dead Mini LP SHM CD [WPCR-15136];JAPAN;183000
CD;GRATEFUL DEAD;The Warfield, San Francisco, CA Oct 4&3 1980 [2CD Digipack Limited Edition];USA;75500
CD;GRATEFUL DEAD;The Warfield, San Francisco, CA Oct 9&10 1990 [2CD Digipack Limited Edition];USA;45500
CD;GRATEFUL DEAD;Workingman's Dead Mini LP SHM CD [WPCR-15140];JAPAN;183000
CD;GRAVEYARD;Innocence & Decadence [Digipack];USA;53500
CD;GREEN DAY;Dookie [WPCR-31];JAPAN;67000
CD;GREEN DAY;Singles Box (7CD Box Set without OBI) [WPCR-1780/86];JAPAN;359000
CD;GREENDEATH;Pure Torture [CD Single feat. Dave Ellefson];USA;18500
CD;GREGG ALLMAN;Laid Back (Cardboard Sleeve Mini LP SHM-CD) [UICY-93511];JAPAN;154500
CD;GREGG ALLMAN;Laid Back (Cardboard Sleeve Mini LP SHM-CD) [UICY-93511];JAPAN;154500
CD;GREGG ALLMAN;Playin' Up A Storm  (Cardboard Sleeve Mini LP SHM-CD) [UICY-93513];JAPAN;154500
CD;GREGG ALLMAN;The Gregg Allman Tour (Cardboard Sleeve Mini LP SHM-CD) [UICY-93512];JAPAN;154500
CD;GRETA VAN FLEET;The Battle At Garden's Gate;ARG;13000
LP;GUNS N' ROSES;Live Era '87-'93 [4LP Premium Edition Coloured Vinyl];USA;450500
CD;GUSTAVO CERATI;14 Episodios Sinfónicos En Vivo [Digipack];ARG;23500
CD;GUSTAVO CERATI;Bocanada;ARG;19000
CD;GUSTAVO CERATI;Infinito [CD+DVD Digipack];ARG;23000
CD ;GUSTAVO SANTAOLALLA;RACONTO [Digipack];ARG;24500
CD;HA-ASH;Primera Fila: Hecho Realidad [Edicion Limitada Slipcase 2CD+DVD];MEXICO;41000
LP;Hank Williams III;Brothers Of The 4x4;USA;75000
CD;HANK WILLIAMS JR.;It's About Time;USA;43000
CD;HANOI ROCKS;Two Steps From The Move (Cardboard Sleeve Mini LP K2HD CD) [VICP-63375];JAPAN;90000
CD;HEATHEN;Bleed The World: Live;ARG;14000
CD;HEAVYSAURIOS;Al Rescate;ARG;22500
GAME;Hellblade: Senua's Sacrifice Brand New & Sealed;;USA;101500
CD;HELLION;Hellion;ARG;14000
CD;HELLION;Hellion;ARG;14000
CD;HELLOWEEN;7 Sinners [2 SHM-CD Cardboard Mini Lp] [VICP-70218/9];JAPAN;145000
CD;HELLOWEEN;Better Than Raw [SHM-CD Cardboard Mini Lp] [VICP-70211];JAPAN;110000
CD;HELLOWEEN;Chameleon [2 SHM-CD Cardboard Mini Lp] [VICP-70205];JAPAN;120000
CD;HELLOWEEN;Gambling With The Devil [2 SHM-CD Cardboard Mini Lp] [VICP-70216/7];JAPAN;145000
CD;HELLOWEEN;Giants & Monsters;ARG;17000
LP;HELLOWEEN;Giants & Monsters [2LP Deep Ocean Blue Vinyl];GERMANY;136500
LP;HELLOWEEN;Giants & Monsters [2LP US Indie Exclusive Sunlight Yellow Vinyl];GERMANY;136500
CD;HELLOWEEN;Helloween [2CD Digibook Edition];GERMANY;87500
CD;HELLOWEEN;Keeper Of The Seven Keys - The Legacy [2 SHM-CD Cardboard Mini Lp] [VICP-70214/5];JAPAN;145000
CD;HELLOWEEN;Keeper Of The Seven Keys, Pt. 1 [2024 Remaster Digipack];GERMANY;40500
BR;HELLOWEEN;Live At Budokan;GERMANY;56500
BR;HELLOWEEN;Live At Budokan;GERMANY;56500
CD;HELLOWEEN;Master Of The Rings [2 SHM-CD Cardboard Mini Lp] [VICP-70207];JAPAN;145000
CD;HELLOWEEN;Metal Jukebox;UK;47500
CD;HELLOWEEN;My God-Given Right [2 SHM-CD Cardboard Mini Lp] [VICP-70222/3];JAPAN;145000
CD;HELLOWEEN;Pink Bubbles Go Ape [SHM-CD Cardboard Mini Lp] [VICP-70204];JAPAN;110000
CD;HELLOWEEN;Rabbit Don't Come Easy [SHM-CD Cardboard Mini Lp] [VICP-70213];JAPAN;110000
CD;HELLOWEEN;Rabbit Don't Come Easy + Bonus Tracks;GERMANY;41500
CD;HELLOWEEN;Straight Out Of Hell [2 SHM-CD Cardboard Mini Lp] [VICP-70220];JAPAN;145000
CD;HELLOWEEN;Time Of The Oath [2 SHM-CD Cardboard Mini Lp] [VICP-70209];JAPAN;145000
CD;HELLOWEEN;Walls Of Jericho [2024 Remaster 2CD Digipack];UK;47000
CD;HELLOWEEN;Walls Of Jericho [2CD];ARG;20000
CD;HELLYEAH;Blood For Blood;USA;60500
CD;HERBIE HANCOCK;Thrust;GERMANY;23000
CD;HERMANO HORMIGA [Lisandro Aristimuño & Raly Barrionuevo];Hermano Hormiga [Digibook];ARG;9500
CD;HERMANOS MCKENZIE;Marea [Digipack];ARG;18000
CD;HERMETICA;En Concierto Parte II;ARG;14000
CD;HIGH PARASITE;Forever We Burn [Digipack];UK;37000
LP;HIM;Razorblade Romance [25th Anniversary Limited Edition Zoetrope Vinyl];USA;96500
CD;HOODED MENACE;Ossuarium Silhouettes Unhallowed;USA;62000
CD;HORCAS;El Diablo [Digipack];ARG;11500
CD;HORCAS;El Diablo [Digipack];ARG;11500
CD;HORCAS;El Diablo [Digipack];ARG;11500
CD;HOT COUNTRY KNIGHTS;The K Is Silent;USA;51000
CD;HOWLIN RAIN;Howlin Rain;USA;54000
CD;HUMANIMAL;El Camino De Los Sabios;ARG;13500
CD;HYDRA VEIN;After The Dream;UK;33000
CD;HYDRA VEIN;Rather Death Than False Of Faith;UK;33000
CD;IANCU DOMITRESCU;Ansamblul Hyperion [Digipack];USA;47500
CD;IGGOR CAVALERA & SHANE EMBURY;Neon Gods/ Own Your Darkness [Digipack];UK;57000
CD;IMPERIAL STATE ELECTRIC;Honk Machine [QATE-10078];JAPAN;86000
CD;IMPERIAL STATE ELECTRIC;Reptile Brain Music;SWEDEN;31500
CD;IN FLAMES;Foregone;USA;49500
CD;INCUBUS;Enjoy Incubus;UK;52000
CD;INCUBUS;Enjoy Incubus;UK;52000
CD;Infectious Groove;Groove Family Cyco;USA;22500
LP;INVISIBLE;El Jardín De Los Presentes;ARG;37000
LP;IOMMI;Fused (With Glenn Hughes) [2LP Limited Edition Translucent Cobalt Blue Vinyl Plus 3 Bonus Tracks];CANADA;114000
LP;IOMMI;The 1996 Dep Sessions (with Glenn Hughes) [ROCKTOBER Limited Edition Translucent Black Ice Viyl];CANADA;81000
CD;IRON MAIDEN;A Matter Of Life And Death [The Studio Collection Remastered Digipack];UK;35500
CD;IRON MAIDEN;Dance Of Death [The Studio Collection Remastered Digipack];UK;31500
CD;IRON MAIDEN;Fear Of The Dark [The Studio Collection Remastered Digipack];UK;31500
LP;IRON MAIDEN;Flight 666 The Original Soundtrack (Live) [VINYL];UK;102000
LP;IRON MAIDEN;Iron Maiden;GERMANY;79500
LP;IRON MAIDEN;"Live After Death [40th Anniversary 2LP Blue & Yellow Vinyl]	";USA;297500
CD;IRON MAIDEN;Live After Death [The Studio Collection Remastered 2CD Digipack];UK;47500
CD;IRON MAIDEN;Nights Of The Dead, Legacy Of The Beast: Live in Mexico City (2CD Digipack) [WPCR-18396];JAPAN;90000
CD;IRON MAIDEN;No Prayer For The Dying [The Studio Collection Remastered Digipack];UK;30500
CD;IRON MAIDEN;Piece Of Mind [The Studio Collection Remastered Digipack];UK;30500
CD;IRON MAIDEN;Powerslave [The Studio Collection Remastered Digipack];UK;29000
CD;IRON MAIDEN;Rock In Rio [The Studio Collection Remastered 2CD Digipack];UK;46500
CD;IRON MAIDEN;Seventh Son Of A Seventh Son;ARG;14500
CD;IRON MAIDEN;The Final Frontier [The Studio Collection Remastered Digipack];UK;30500
CD;IRON MAIDEN;The X Factor [The Studio Collection Remastered Digipack];UK;32500
CD;IRON MAIDEN;Virtual XI [The Studio Collection Remastered Digipack];UK;35500
TOY;"IRON MAIDEN EDDIE 2 MINUTES TO MIDNIGHT 8"" CLOTHED Action Figure NECA NEW";;USA;272500
CD;IRON SAVIOR;Kill Or Get Killed [Digipack Bonus Track Edition];GERMANY;66500
LP;ISIS;Temporal [3LP+DVD];USA;151500
CD;JACK STARR;Out Of The Darkness [Limited Slipcase Edition];GERMANY;58000
CD;JACK WHITE;Jack White Acoustic Recordings 1998 - 2016 [2CD Digipack];ARG;95000
CD;JACK WHITE;Jack White Acoustic Recordings 1998 - 2016 [2CD Digipack];USA;59000
LP;Jackie Greene;Back To Birth;LP;71500
LP;Jackie Greene;"Small Tempest 10""";USA;47500
CD;JACKSON+SELLERS;Breaking Point;USA;40500
LP;JACKYL;Jackyl [180g Audiophile Vinyl];NETHERLANDS;75000
LP;JADE JACKSON;Gilded;USA;67000
LP;JADE JACKSON;Wilderness [2LP];USA;77500
LP;James Taylor;Before This World;USA;73000
LP;JARED JAMES NICHOLS;Old Glory and the wild revival [VINYL];UK;99000
LP;JD CLAYTON;Long Way From Home;USA;87000
CD;JEFF TWEEDY;Twilight Override [3CD Limited Slipcase Edition];USA;70500
LP;JERRY CANTRELL;I Want Blood [ [2LP w/ 9 Bonus Tracks Red Vinyl Exclusive]];USA;97000
CD;JESSE JAMES DUPREE;Breathing Fire [Digipack];USA;37000
CD;JETHRO TULL;A Passion Play [2CD+2DVD] [Steven Wilson 2014 Stereo Mix];GERMANY;172500
LP;JIMMY PAGE &  THE BLACK CROWES;Live At The Greek [25th Anniversary 180g 6LP Box Set];USA;417000
CD;JIMMY PAGE & THE BLACK CROWES;Live At The Greek [25th Anniversary Remixed & Remastered Edition Digipack];USA;76000
CD;JIMMY RIP;Way Past Blue;ARG;8000
CD;JIMMY RIP & THE TRIP;Blues Life;ARG;8000
CD;JOB FOR A COWBOY;Sun Eater [Digipack];USA;49500
CD;JOE BONAMASSA;Tales Of Time [CD+BR Digipack];CANADA;96500
CD;JOE COCKER;Mad Dogs & Englishmen [2CD Digipack];UK;79000
CD;JOE SATRIANI;Surfing With The Alien;GERMANY;23000
BOX;JOHN LENNON;Plastic Ono Band [6CD+2BR+BOOK];GERMANY;237000
CD;JOHN MAYALL;Blues From Laurel Canyon;UK;27500
CD;JOHN MAYALL;Bluesbreakers with Eric Clapton [Deluxe 2CD Edition Slipcase Digipack];GERMANY;63000
CD;JOHN MORELAND;Big Bad Luv [Digipack];USA;60500
CD;JOHN MORELAND;High on Tulsa Heat [Digipack];USA;49500
SACD;JOHNNY CASH;I Walk The Line (Limited Numbered Edition of 2500);USA;171500
CD;JOHNNY CASH;Songwriter;USA;38000
LP;JOHNNY THUNDERS & THE HEARTBREAKERS;Yonkers Demo 1976 (Limited Edition Pink Vinyl);USA;71500
CD;JOHNNY WINTER;Original Album Classics [5CD];GERMANY;62500
CD;JON LORD;Celebrating: The Composer [Digipack];ARG;16500
CD;JON PARDI;California Sunrise;USA;44500
CD;JON PARDI;Mr. Saturday Night;USA;49000
CD;JONAS BROTHERS;The Album;ARG;9500
CD;JONAS BROTHERS;The Album;ARG;9500
CD;JONAS BROTHERS;The Album;ARG;9500
CD;JONAS BROTHERS;The Album;ARG;9500
CD;JONAS BROTHERS;The Album;ARG;9500
CD;JONAS BROTHERS;The Album;ARG;9500
CD;JONAS BROTHERS;The Album;ARG;9500
CD;JONAS BROTHERS;The Album;ARG;9500
CD;JONAS BROTHERS;The Album;ARG;9500
CD;JONAS BROTHERS;The Album;ARG;9500
CD;JONNY LANG;Live At The Ryman [Digipack];UK;54500
CD;JONNY LANG;Signs [Digipack];USA;51500
CD;JORN;Life On Death Road;ARG;8500
CD;JORN;Spirit Black [Digipack];GERMANY;131000
CD;JOSH TODD;You Made Me [Digipack];USA;35500
CD;JOSH TODD & THE CONFLICT;Year Of The Tiger [Digipack];USA;55000
CD;JOSHUA HEDLEY;Mr.Jukebox [Digipack];USA;57000
CD;JUDAS PRIEST;Demolition;ARG;5500
CD;JUDAS PRIEST;Demolition;ARG;5500
CD;JUDAS PRIEST;Demolition;ARG;11000
CD;JUDAS PRIEST;Demolition;ARG;11000
CD;JUDAS PRIEST;Demolition;ARG;11000
CD;JUDAS PRIEST;Demolition;ARG;11000
CD;JUDAS PRIEST;Demolition;ARG;11000
CD;JUDAS PRIEST;Invicible Shield [Digipack];GERMANY;36500
CD;JUDAS PRIEST;Killing Machine;UK;23000
LP;JUDAS PRIEST;Redeemer Of Souls [2LP];USA;80000
CD;JUDAS PRIEST;Stained Class;UK;23000
CD;JUDAS PRIEST;Turbo [30th Anniversary Remaster 3CD Digipack];GERMANY;72500
CD;KAMELOT;Ascension 1995-1998 [3CD Digipack Box Set];CZECH REPUBLIC;120500
CD;KAMELOT;The Shadow Theory [Limited Edition 2CD Digipack];GERMANY;60000
CD;KANONENFIEBER;Live In Oberhausen [Limited CD+BR Digipack];UK;106500
CD;KASABIAN;48:13;ARG;9500
CD;KID ROCK;Rebel soul;ARG;17500
CD;KID ROCK;The History Of Rock;ARG;11000
CD;KILLER;Ready For Hell [Slipcase];BRAZIL;21500
LP;KING DIAMOND;Masquerade Of Madness [Coloured Bone Vinyl];USA;63000
CD;KINGS OF LEON;Mechanical Bull [Digipack];ARG;22000
CD;KISS;Ace Frehley [1st Press];USA;107000
CD;KISS;Alive (2SHM-CD) [UICY-25019/20];JAPAN;71000
LP;KISS;Alive [2LP 180g Audiophile Vinyl];USA;135500
LP;KISS;Alive: The Millennium Concert [2LP 180g Audiophile Vinyl];USA;164000
LP;KISS;Alive: The Millennium Concert [2LP 180g Audiophile Vinyl];USA;164000
LP;KISS;Alive: The Millennium Concert [2LP 180g Audiophile Vinyl];USA;164000
LP;KISS;Alive: The Millennium Concert [2LP 180g Audiophile Vinyl];USA;164000
LP;KISS;Creatures Of The Night [40th Anniversary Half-Speed Remaster 180gram Audiophile Vinyl];CZECH REPUBLIC;142000
CD;KISS;Destroyer [PHCR-4318] (NO OBI];JAPAN;22500
CD;KISS;Mtv unplugged;ARG;11000
LP;KISS;Off The Soundboard: Tokyo 2001 [3LP Limited Clear Bone Edition];USA;235500
LP;KISS;Revenge [180g Audiophile Vinyl];USA;105000
CD;KORN;The Nothing [Limited Slipcase Edition];USA;69000
CD;KRODA;Schwarzpfad;GERMANY;39500
CD;KRODA;Schwarzpfad;GERMANY;39500
CD;KROKUS;The Blitz;USA;32000
LP;L.A GUNS;Leopard Skin [Limited Edition Haze Splatter Vinyl];CANADA;100500
LP;L.A GUNS;Leopard Skin [Limited Edition Haze Splatter Vinyl];CANADA;100500
LP;L.A. GUNS;Covered In Guns - Red & Blue;USA;101500
LP;L.A. GUNS;Hollywood Raw - The Original Sessions - Purple/ Black Splatter;USA;111500
CD;L.A. GUNS;L.A. Guns [UICY-78616];JAPAN;37000
CD;LA BERISO;Pecado Capital [Limited Lenticular Edition Cover];ARG;28000
CD;LA BERISO;Pecado Capital [Limited Lenticular Edition Cover];ARG;28000
CD;LA BERISO;Pecado Capital [Limited Lenticular Edition Cover];ARG;28000
CD;LA BERISO;Pecado Capital [Limited Lenticular Edition Cover];ARG;28000
CD;LA BERISO;Pecado Capital [Limited Lenticular Edition Cover];ARG;28000
LP;LA MAQUINA DE HACER PAJAROS;La Máquina De Hacer Pájaros;ARG;37000
CD;LA MAQUINA DE HACER PAJAROS;La Maquina De Hacer Pájaros [Digipack];ARG;20500
LP;LA MAQUINA DE HACER PAJAROS;Películas;ARG;37000
CD;LA MAQUINA DE HACER PAJAROS;Películas [Digipack];ARG;20500
CD;LA VELA PUERCA;Discopático [Digipack];ARG;21000
CD;LA VELA PUERCA;Discopático [Digipack];ARG;21000
CD;LA VELA PUERCA;Discopático [Digipack];ARG;21000
CD;LA VELA PUERCA;Discopático [Digipack];ARG;21000
CD;LACUNA COIL;Sleepless Empire [Limited Digipack Edition];UK;47000
CD;LALI;Lali;ARG;20500
CD;LALI;Lali;ARG;20500
CD;LALI;Libra [Digipack];ARG;24000
CD;LALI;No Vayas A Atender A Cuando El Demonio Llama;ARG;22000
CD;LALI;No Vayas A Atender A Cuando El Demonio Llama;ARG;22000
CD;LAMB OF GOD;Hourglass (3CD);USA;129000
LP;LAMB OF GOD;Lamb Of God;USA;51000
CD;LAS PASTILLAS DEL ABUELO;Crisis [Digipack];ARG;12500
CD;LAS PASTILLAS DEL ABUELO;Desafios  [Digipack];ARG;12500
CD;LAS PASTILLAS DEL ABUELO;El Barrio En Sus Puños [Digipack];ARG;21500
CD;LAZARO;Morir Y Resistencia;ARG;15500
CD;LED ZEPPELIN;How The West Was Won [3CD 2018 Reissue Digipack];USA;78000
CD;LEGION OF THE DAMNED;Feel the Blade/Cult of the Dead [2CD];GERMANY;78000
CD;LEGION OF THE DAMNED;Malevolent Rapture/Sons of the Jackal [2CD];GERMANY;78000
CD;LEONARD COHEN;Popular Problems;ARG;9500
CD;LEPROUS;An Evening Of Atonement [Limited 2CD+BR Digipack Edition];GERMANY;77000
CD;LIAM GALLAGHER / JOHN SQUIRE;Liam Gallagher & John Squire [Digipack];GERMANY;37500
CD;LINDEMANN;Live In Moscow [CD+Bluray Digibook Edition];GERMANY;96500
CD;LINDEMANN;Live In Moscow [CD+Bluray Digibook Edition];GERMANY;35500
CD;LINDEMANN;Live In Moscow [CD+Bluray Digibook Edition];GERMANY;35500
CD;LINKIN PARK;Road To Evolution (Live At Milton Keynes) [CD+DVD Digipack];ARG;31000
LP;LIQUID TENSION;LTE3 [2LP+CD];GERMANY;96000
CD;LOGOS;La Industria Del Poder;ARG;18500
CD;LOS ALAMOS;Luces Blancas [Digipack];ARG;19500
CD;LOS ANGELES;Neverland;ITALY;90500
LP;LOS AUTENTICOS DECADENTES;Supersonico;ARG;52000
CD;LOS ESPIRITUS;Los Espíritus [Digipack];ARG;32500
CD;LOS FABULOSOS CADILLACS;La Salvacion de Solo y Juan;ARG;15500
CD;Los Gatos;Beat Nro 1;ARG;23000
CD;Los Gatos;Beat Nro 1;ARG;23000
CD;Los Gatos;En Vivo Y En Estudio;ARG;23000
CD;Los Gatos;La Balsa;ARG;23000
CD;Los Gatos;Rock De La Mujer Perdida;ARG;23000
CD;Los Gatos;Rock De La Mujer Perdida;ARG;23000
CD;Los Gatos;Seremos Amigos;ARG;23000
CD;Los Gatos;Viento, Dile A La Lluvia;ARG;23000
CD;LOS NATAS;Ciudad De Brahman [MR187];ARG;24000
CD;LOS NATAS;Ciudad De Brahman [MR187];ARG;24000
CD;LOS NATAS;Ciudad De Brahman [MR187];ARG;24000
CD;LOS NATAS;Ciudad De Brahman [MR187];ARG;24000
CD;LOS NATAS;Ciudad De Brahman [MR187];ARG;24000
CD;LOS NATAS;Ciudad De Brahman [MR187];ARG;24000
CD;LOS NATAS;Ciudad De Brahman [MR187];ARG;24000
LP;LOS NATAS;Death Sessions [LP Green Vinyl Limited to 750 Copies];GERMANY;62000
CD;LOS NATAS;Delmar [MR101];ARG;26000
CD;LOS NATAS;Delmar [MR101];ARG;24000
CD;LOS NATAS;Delmar [MR101];ARG;24000
CD;LOS NATAS;Delmar [MR101];ARG;24000
CD;LOS NATAS;Delmar [MR101];ARG;24000
CD;LOS NATAS;Delmar [MR101];ARG;24000
CD;LOS NATAS;Nuevo Orden De La Libertad;ARG;33500
CD;LOS NATAS;Nuevo Orden De La Libertad;ARG;33500
CD;LOS RODRIGUEZ;Palabras Más, Palabras Menos [Deluxe Edition 3CD Digipack];ARG;44000
CD;Los Salvajes;Soundtrack;ARG;33500
CD;Los Salvajes;Soundtrack;ARG;33500
CD;LOUDBLAST;Disincarnate;ARG;8000
CD;LOUDBLAST;Sublime Dementia;ARG;8000
CD;LOUDNESS;Live In Tokyo: World Tour 2018 Rise To Glory [2CD];GERMANY;35000
CD;LOUDNESS;Live In Tokyo: World Tour 2018 Rise To Glory [2CD];GERMANY;35000
CD;LOVE/HATE;Wasted in America (Remastered Collector's Edition Bonus Tracks);UK;68000
CD;Lucas Totino Tedesco;La Guerra Suave;ARG;15500
CD;LUCIFER;Lucifer III [QATE-10122];JAPAN;78500
LP;LUGNET;Lugnet;GERMANY;145500
LP;LUIS ALBERTO SPINETTA;Peluson Of Milk [2LP];ARG;95000
CD;Luis Salinas;CD5 Bonus;ARG;11000
CD;Luis Salinas;Día 2 En Vivo CD+DVD;ARG;13000
CD;LUKAS NELSON & THE PROMISE OF THE REAL;Turn Off The News (build A Garden) [UCCO-1208];JAPAN;85500
CD;LYNYRD SKYNYRD;Celebrating 50 Years: Live At The Ryman [Deluxe Edition 2CD+DVD Digipack];USA;54500
CD;LYNYRD SKYNYRD;Celebrating 50 Years: Live At The Ryman [Deluxe Edition 2CD+DVD Digipack];USA;54000
CD;LYNYRD SKYNYRD;Endangered Species [SRCS-7516];JAPAN;61500
CD;LYNYRD SKYNYRD;Gimme Back My Bullets (Deluxe Edition SHM-CD+DVD Cardboard Sleeve Mini LP) [UICY-94174];JAPAN;198000
CD;LYNYRD SKYNYRD;Tribute tour 1987 (Cardboard Sleeve Mini LP) [UICY-93336];JAPAN;94500
CD;M.ILL.ION;No. 1 [XRCN-1077];JAPAN;21000
CD;M8L8TH / SWASTIKA;Sturm - Prophecies Of Aryan Moon [Digipack];UKRAINE;45000
CD;M8L8TH / SWASTIKA;Sturm - Prophecies Of Aryan Moon [Digipack];UKRAINE;45000
LP;M8L8TH / М8Л8ТХ ;By The Wing Of Black [Black Vinyl + Poster];UKRAINE;463000
CD;MACABRE;Grim Scary Tales;USA;20000
CD;MACHINE GUN KELLY;Mainstream Sellout;ARG;9500
CD;MACHINE GUN KELLY;Mainstream Sellout;ARG;9500
CD;MACHINE HEAD;Machine F**king Head Live [2CD];ARG;17500
CD;MAGNUM;On A Storytellers Night [Deluxe Edition 2CD Cardboard Sleeve Mini LP] [ARC-7164/5];JAPAN;107500
CD;Mago De Oz;Mago De Oz EP (La Bruja);SPAIN;92000
CD;MAJIC SHIP;Songwaves Project;USA;52000
LP;MALEFICE;Retour Au Monastere [Black Vinyl Gatefold Jacket Limited To 300 Copies];GERMANY;157500
CD;Malicious;Malicious;USA;36500
CD;Malicious;Malicious;USA;36500
CD;Malicious;Malicious;USA;36500
CD;MALON;Espíritu Combativo [Digipack Remaster];ARG;8500
CD;MALON;Justicia O Resistencia [Digipack Remaster];ARG;8500
CD;MALON;Oscuro Plan de Poder;ARG;11000
CD;MALON;Oscuro Plan de Poder;ARG;11000
CD;MALON;Oscuro Plan de Poder;ARG;11000
LP;MALON;Oscuro Plan de Poder;ARG;39500
LP;MAMMOTH;The End [Orange w/ Red Splatter Vinyl];USA;89500
CD;MANDATOR;Initial Velocity;EU;42000
CD;MANDATOR;Perfect Progeny;EU;52000
CD;MANTHRASS;Blues Del Destino;ARG;13000
CD;MANTHRASS;EP;ARG;13000
CD;MARC FORD;Marc Ford & the Neptune Blues Club [Digipack];USA;65000
CD;MARC FORD;Weary & Wired [Digipack];USA;64000
CD;MARCUS KING;Darling Blue;USA;44500
CD;MARCUS KING;El Dorado [UCCO-1218] ;JAPAN;76500
LP;MARCUS KING;No Room For Blue;USA;136500
CD;MARDUK;Viktoria;USA;52000
LP;MARGO PRICE;"MARGO PRICE - Third Man Records Vault Package # 31 Vinyl LP 7"" DVD";USA;228000
LP;MARS RED SKY;The Task Eternal (Limited Edition 2LP Etched Artwork);FRANCE;79000
CD;MASTODON;Crack The Skye;ARG;15500
CD;MASTODON;Crack The Skye [15th Anniversary Limited Deluxe Edition 2CD+BR Book Bound];GERMANY;83500
CD;MASTODON;Emperor Of Sand;USA;50500
CD;MATAN S.A.;Parte 3: El Orfanato [Slipcase Reissue];ARG;12500
CD;MEAT LOAF;Bat Out Of Hell [Deluxe Edition CD+DVD] [MHCP-1285/6];JAPAN;80000
CD;MEGADETH;Countdown To Extinction;ARG;16000
CD;MEGADETH;Hangar De Almas: Tributo A Megadeth;ARG;15500
LP;MEGADETH;Live In Los Angeles 1995 (180g Heavyweight Vinyl);USA;66500
CD;MEGADETH;Megadeth;ARG;0
CD;MEGADETH;Megadeth [Exclusive CD w/ Lenticular Cover];USA;62000
CD;MEGADETH;Megadeth [Exclusive CD w/ Lenticular Cover];USA;62000
CD;MEGADETH;Megadeth [Exclusive CD w/ Lenticular Cover];USA;62000
LP;MEGADETH;Megadeth [VINILO LIMITADO Marbel Argentina Flag];ARG;104000
CD;MEGADETH;Warheads On Foreheads [3CD Digipack];USA;105000
CD;MELIAH RAGE;Dead To The World [2018 Edition];USA;49500
CD;MELVINS / NAPALM DEATH;Savage Imperial Death [Cardboard Sleeve];USA;30000
CD;MERCEDES SOSA;Mercedes Florecida;ARG;12000
LP;MERCEDES SOSA;Mercedes Florecida;ARG;32500
CD;MERCILESS;Unbound [Digipack];SWEDEN;30000
CD;METALLICA;Garage Inc. [2CD];ARG;24500
CD;METALLICA;Hardwired… To Self Destruct [Deluxe Edition 3CD Digipack];ARG;48000
CD;METALLICA;Kill 'Em All  (Cardboard Sleeve Mini LP)  [UICR-1052];JAPAN;148000
BOX;METALLICA;"Load [Deluxe Box Set 5LP+7""+15CD+4DVD]";USA;864500
BOX;METALLICA;Ride The Lightning [Deluxe Box Set Remastered 3LP+6CD+DVD];USA;277500
CD;MICHAEL MONROE;I Live Too Fast To Die Young!;ARG;6500
CD;MICHAEL SCHENKER;My Years With Ufo [50th Anniversary Celebration 1972-1978 Digipack];GERMANY;45000
CD;MICHAEL SCHENKER;My Years With Ufo [50th Anniversary Celebration 1972-1978 Digipack];GERMANY;45000
CD;MICHAEL SCHENKER;My Years With Ufo [50th Anniversary Celebration 1972-1978 Digipack];GERMANY;45000
CD;MICHAEL SCHENKER;My Years With Ufo [50th Anniversary Celebration 1972-1978 Digipack];GERMANY;45000
CD;MICHAEL SCHENKER;My Years With Ufo [50th Anniversary Celebration 1972-1978 Digipack];GERMANY;45000
CD;MICHAEL SCHENKER;My Years With Ufo [50th Anniversary Celebration 1972-1978 Digipack];GERMANY;45000
CD;MICHAEL SCHENKER;My Years With Ufo [50th Anniversary Celebration 1972-1978 Digipack];GERMANY;45000
CD;MICHAEL SCHENKER;My Years With Ufo [50th Anniversary Celebration 1972-1978 Digipack];GERMANY;45000
CD;MICHAEL SCHENKER;My Years With Ufo [50th Anniversary Celebration 1972-1978 Digipack];GERMANY;45000
CD;MICHAEL SCHENKER;My Years With Ufo [50th Anniversary Celebration 1972-1978 Digipack];GERMANY;45000
LP;MICK MARS;The Other Side Of Mars;CZECH REPUBLIC;49000
CD;MIDLAND;The Sonic Ranch;USA;51000
SACD;MIGHTY SAM MCCLAIN;Give It Up to Love [SACD-Hybrid];USA;77500
SACD;MIGHTY SAM MCCLAIN;Give It Up to Love [SACD-Hybrid];USA;77500
SACD;MIGHTY SAM MCCLAIN;Give It Up to Love [SACD-Hybrid];USA;77500
SACD;MIGHTY SAM MCCLAIN;Give It Up to Love [SACD-Hybrid];USA;77500
SACD;MIGHTY SAM MCCLAIN;Give It Up to Love [SACD-Hybrid];USA;77500
CD;MIGHTY SAM MCCLAIN;Soul Survivor;USA;31000
CD;MIGHTY SAM MCCLAIN;Soul Survivor;USA;31000
CD;MIGHTY SAM MCCLAIN;Soul Survivor;USA;31000
CD;MIGHTY SAM MCCLAIN;Soul Survivor;USA;31000
CD;MIGHTY SAM MCCLAIN;Soul Survivor;USA;31000
CD;MIGHTY SAM MCCLAIN;Soul Survivor;USA;31000
SACD;MIGHTY SAM MCCLAIN;Soul Survivor [SACD-Hybrid];USA;77500
SACD;MIGHTY SAM MCCLAIN;Soul Survivor [SACD-Hybrid];USA;77500
SACD;MIGHTY SAM MCCLAIN;Soul Survivor [SACD-Hybrid];USA;77500
CD;MIKE & THE MOONPIES;Live At Winstar World Casino & Resort [2CD Digipack];USA;64000
CD;MIKE NESS;Cheating At Solitaire;USA;42000
CD;MIKE PATTON;Pranzo Oltranzista [Obi Strip];USA;61500
CD;MIKE TRAMP;Museum [Digipack];USA;56000
CD;MONDO GENERATOR;Fuck It [Digipack];GERMANY;104000
LP;MOTHER LOVE BONE;Apple [35th Anniversary 180g Opaque Habanero Eco Vinyl];NETHERLANDS;90500
CD;MOTHER LOVE BONE;Apple [35th Anniversary];USA;44500
LP;MOTHER LOVE BONE;Shine [Limited Edition Remastered 180g Opaque Sky Blue Eco Vinyl];NETHERLANDS;96500
CD;MOTHER LOVE BONE;Shine [Remastered];USA;37500
LP;MOTLEY CRUE;"Cancelled EP"" [Limited Collector's Edition to 765 Copies Zoetrope Picture Disc Vinyl] ";USA;127000
LP;MOTLEY CRUE;Dogs Of War [Indie Retail Exclusive Picture Disc];CANADA;49500
LP;MOTLEY CRUE;Dogs Of War [Picture Disc Vinyl];CANADA;49500
CD;MOTLEY CRUE;From The Beginning (2SHM-CD Digipack) [UICB-15004/5];JAPAN;130000
LP;MOTOR SISTER;Ride;USA;109000
CD;MOTORHEAD;Clean Your Clock;ARG;16500
CD;MOTORHEAD;Clean Your Clock;ARG;16500
CD;MOTORHEAD;March Or Die;GERMANY;23000
CD;MOTORHEAD;The Lost Tapes - The Collection (Vol. 1-5) [8CD Box Set];GERMANY;192000
CD;MOTORHEAD;The Manticore Tapes [Digipack];USA;48000
CD;MUNICIPAL WASTE;Tango And Thrash;USA;34500
CD;My Sleeping Karma;Soma [Digipack];USA;40500
LP;MYLES KENNEDY;Year Of The Tiger [Limited Edition];GERMANY;63500
CD;NAPALM DEATH;Apex Predator - Easy Meat [Digipack];USA;38000
CD;NASTY SAVAGE;And Abstract Reality / Indulgence;BRAZIL;20000
CD;NATHANIEL RATELIFF;Falling Faster Than You Can Run [Digipack];USA;50500
LP;NATHANIEL RATELIFF & THE NIGHT SWEATS;Nathaniel Rateliff & The Silent Sweats;USA;73000
CD ;Ne Obliviscaris;Citadel;USA;49500
CD;NEAL MORSE;Morsefest! 2014 [4CD+2DVD Box Set];UK;136500
CD;NEFARIOUS;Addicted To Power;USA;60500
CD;NEIL YOUNG;Freedom [Digipack];GERMANY;35000
CD;NEIL YOUNG;Official Release Series Vol. 5 [4CD Digipack Box Set];GERMANY;218000
CD;NEIL YOUNG;Storytone [Digipack];ARG;14000
CD;NEIL YOUNG + CRAZY HORSE;Weld (Live) [2CD Digipack];GERMANY;38000
LP;NEPAL;Ideología;ARG;28000
LP;NEW HORIZON;Conquerors [2LP];ITALY;120000
LP;NEW HORIZON;Gate Of The Gods;ITALY;92000
CD;NEWMAN;Decade II (2CD);UK;57000
CD;NICK OLIVERI;N.o. Hits At All 2 [Digipack];GERMANY;76500
CD;NIFELHEIM;Servants Of Darkness;UK;40500
CD;NIGHTWISH;Endless Froms Most Beatiful [2CD Limited Digibook Edition];GERMANY;83500
CD;NIRVANA;Incesticide (SHM-CD Cardboard Sleeve Mini LP) [UICY-75126];JAPAN;133000
CD;NIRVANA;Unplugged in New York (SHM-CD Cardboard Sleeve Mini LP) [UICY-75128];JAPAN;133000
CD;NITROGODS;Valley Of The Gods [Digipack];GERMANY;71500
CD;NO TE VA GUSTAR ;Suenan Las Alarmas [Digipack];ARG;21500
CD;Noah Gundersen;Carry The Ghost [Digipack};USA;47000
CD;NORAH JONES;Day Breaks [Digipack];ARG;20000
"7""";NORDWIND & DER STURMER;Split EP;GERMANY;31000
CD;OBITUARY;Godly Beings [4Cd Deluxe Boxset];UK;143000
"7""";OCTOBER 31;Gone To The Devil [Limited To 100 Copies];USA;33500
CD;ONSLAUGHT;VI;GERMANY;54000
CD;OPERATION: MINDCRIME;The Key;ITALY;42500
CD;OPERATION: MINDCRIME;The Key;ITALY;42500
CD;OPERATION: MINDCRIME;The Key;ITALY;42500
CD;OPETH;Heritage (Collector´s Edition CD/DVD);USA;82000
CD;Original Artyfacts;Put In Wave;ARG;15500
CD;ORIONS;Asfalto Caliente;ARG;9500
CD;ORIONS;Volando Alto;ARG;9500
CD;OVERKILL;Scorched;USA;42500
CD;OVERKILL;Scorched;USA;42500
LP;OZZY OSBOURNE;Bark At The Moon [40th Anniversary Limited Edition Translucent Blue Vinyl + Poster RSD 2023];CZECH REPUBLIC;119500
LP;OZZY OSBOURNE;Bark At The Moon [40th Anniversary Limited Edition Translucent Blue Vinyl + Poster RSD 2023];CZECH REPUBLIC;119500
CD;OZZY OSBOURNE;Black Rain [EICP-794];JAPAN;82500
CD;OZZY OSBOURNE;Diary Of A Madman [Legacy Edition 2CD Digipack];UK;68500
CD;OZZY OSBOURNE;Ozzmosis;UK;12500
CD;PANDEMIA;Advenimieno;ARG;14500
LP;PAPA ROACH;Crooked Teeth;USA;72500
CD;Pappo;Blues En El Sur De La Ciudad (En ViVo);ARG;18500
CD;PAPPO;Buscando Un Amor [2CD 2017 Remastered Edition w/ Bonus Tracks Digipack];ARG;46500
CD;PAPPO;Buscando Un Amor [2CD 2017 Remastered Edition w/ Bonus Tracks Digipack];ARG;46500
LP;PAPPO;Buscando Un Amor [Reedicion Remasterizada 2017 2LP 3 Bonus Tracks];ARG;157500
LP;PAPPO;En Concierto [2LP RSD 2021 Limited Numbered Edition Gatefold Jacket + Poster] ;ARG;66000
LP;PAPPO;En Concierto [2LP RSD 2021 Limited Numbered Edition Gatefold Jacket + Poster] ;ARG;66000
LP;PAPPO;En Concierto [2LP RSD 2021 Limited Numbered Edition Gatefold Jacket + Poster] ;ARG;66000
LP;PAPPO;En Concierto [2LP RSD 2021 Limited Numbered Edition Gatefold Jacket + Poster] ;ARG;66000
LP;PAPPO;En Concierto [2LP RSD 2021 Limited Numbered Edition Gatefold Jacket + Poster] ;ARG;66000
LP;PAPPO;En Concierto [2LP RSD 2021 Limited Numbered Edition Gatefold Jacket + Poster] ;ARG;66000
CD;PAPPO;Por Siempre;ARG;18500
LP;PAPPO'S BLUES;VOL.1;ARG;66000
LP;PAPPO'S BLUES;VOL.1;ARG;66000
LP;PAPPO'S BLUES;VOL.2;ARG;66000
LP;PAPPO'S BLUES;VOL.4;ARG;66000
LP;PAPPO'S BLUES;VOL.5;ARG;66000
LP;PAPPO'S BLUES;VOL.6;ARG;66000
LP;PAPPO'S BLUES;VOL.7;ARG;66000
LP;PAPPO'S BLUES;VOL.7;ARG;66000
CD;PARADISE LOST;Ascension;ARG;14000
CD;PARADISE LOST;Draconian Times;UK;23000
CD;PASTORAL;Generación;ARG;11000
CD;PASTORAL;Libertad Pastoral;ARG;11000
CD;PAUL MCCARTNEY;Flaming Pie [Special 2CD Edition Digipack];GERMANY;34500
CD;PAUL MCCARTNEY;The Art Of Mccartney [Limited Edition 2CD+DVD];USA;79500
CD;PAULA COLE;Harbinger ;USA;37500
CD;PEARL JAM;Let's Play Two [Digipack];ARG;27000
CD;PELVIS;Rendezvous;ARG;7500
LP;PESCADO RABIOSO;Artaud;ARG;46000
LP;PESCADO RABIOSO;Artaud;ARG;46000
LP;PESCADO RABIOSO;Artaud;ARG;46000
CD;PESCADO RABIOSO;Artaud [Digipack];ARG;20500
CD;PESCADO RABIOSO;Desatormentandonos [Digipack];ARG;20500
CD;PESCADO RABIOSO;Pescado Rabioso 2 [Digipack];ARG;20500
CD;PESTE NOIRE;Peste Noire Split Peste Noire [Digipack];UKRAINE;58500
CD;PESTE NOIRE;Peste Noire Split Peste Noire [Digipack];UKRAINE;58500
CD;PESTE NOIRE;Peste Noire Split Peste Noire [Digipack];UKRAINE;58500
CD;PESTE NOIRE;Peste Noire Split Peste Noire [Digipack];UKRAINE;58500
CD;PETER CRISS;Peter Criss;USA;120000
CD;PETER GABRIEL;Us;USA;36500
CD;Phil Collins;Both Sides [Deluxe Edition 2CD];USA;51000
CD;Phil Collins;Face Value [Deluxe Edition 2CD];USA;51000
CD;PHIL X & THE DRILLS;Pow! Right In The Kisser;ITALY;41000
LP;Pidamos Peras A Mandioca ;Pidamos Peras A Mandioca ;ARG;52000
LP;PINK FLOYD;More;UK;55500
CD;PINK FLOYD;Pink Floyd at Pompeii - MCMLXXII [2CD Digipack];GERMANY;38000
CD;PINK FLOYD;Pink Floyd at Pompeii - MCMLXXII [2CD Digipack];GERMANY;38000
CD;PINK FLOYD;Pink Floyd at Pompeii - MCMLXXII [Digipack];GERMANY;38000
CD;Place Of Skulls;With Vision;USA;74000
CD;POLTERGEIST;Feather Of Truth [Limited Edition Digipack Bonus Tracks];GERMANY;49500
TOY;POP COVER OZZY OSBOURNE;FUNKO POP! Cover with Case: Ozzy Osbourne - Bark at the Moon (Flocked);USA;91000
TOY;POP COVER OZZY OSBOURNE;FUNKO POP! Cover with Case: Ozzy Osbourne - Bark at the Moon (Flocked);USA;91000
TOY;POP ROCKS IRON MAIDEN;FUNKO POP! Rocks: Iron Maiden - Eddie Mummy Powerslave, 40th Anniversary;USA;58000
CD;POPA CHUBBY;Big Bad & Beautiful Live [2CD];USA;58000
CD;POSEIDOTICA;Cronicas Del Futuro [Digipack];ARG;11000
CD;POSEIDOTICA;El Dilema Del Origen [Digipack];ARG;11000
LP;POWERWOLF;Interludium;USA;87000
CD;PRESTO VIVACE;Inmanencia;ARG;7500
CD;PRIDE & GLORY;Pride & Glory [2CD Digipack Extended Version];USA;38000
CD;PRIMAL;Iron Age [Digipack];USA;32000
LP;PRIMAL FEAR;Domination [2LP Amber Wave Marbled Vinyl];GERMANY;121000
CD;Prong;Beg To Differ;UK;56000
CD;Prong;Prove You Wrong;USA;55500
CD;PSICOSFERA;Alpha;ARG;6500
CD;PURTENANCE;Awaken From Slumber;SPAIN;51000
CD;PURTENANCE;The Rot Within Us;SPAIN;56000
CD;PUSCIFER;Money Shot [Digipack];USA;43000
CD;QUEEN;Greatest Hits [Limited Slipcase Edition];CZECH REPUBLIC;56000
CD;QUEENS OF THE STONE AGE;Villains;USA;55000
CD;QUEENSRYCHE;The Verdict [Ltd. 2CD Box Set];GERMANY;149500
CD;R.E.M.;Monster;USA;34500
CD;RAINBOW;Finyl Vinyl (2CD Cardboard Sleeve Mini LP) [UICY-9198/9];JAPAN;189500
CD;RAINBOW;Long Live Rock N' Roll [Remastered];GERMANY;30500
CD;RAINBOW;Rising Cardboard Sleeve MINI LP;JAPAN;64500
CD;RAINBOW;Tokyo 1980 (2CD);UK;55000
CD;RAINBOW;Tokyo 1980 (2CD);UK;55000
CD;RAINBOW;Vorwarts (CD Single Limited to 500 Copies);GERMANY;113000
CD;RALY BARRIONUEVO;Chango [Digipack];ARG;14500
CD;RAMMSTEIN;Reise, Reise [Limited Digipack Reissue];CZECH REPUBLIC;45000
CD;RAMMSTEIN;Sehnsucht [Remastered Anniversary Slipcase Edition A5 Digipack];GERMANY;56000
CD;RAMMSTEIN;Zeit [Digipack];GERMANY;50000
LP;RAMONES;Animal Boy;ARG;75000
CD;RAMONES;Ramones [Limited Remasterd w/ Bonus Tracks & Slipcase Edition];GERMANY;27500
CD;RAMONES;Ramones [Limited Slipcase Edition Bonus Tracks];GERMANY;27500
CD;RAMONES;Rocket To Russia [Limited Remasterd w/ Bonus Tracks & Slipcase Edition];GERMANY;27500
CD;RAMONES;Too Tough To Die [Limited Remasterd w/ Bonus Tracks & Slipcase Edition];GERMANY;26000
LP;RANCID;"Trouble Maker [Limited Edition Includes Exclusive 7""]";USA;93000
LP;RATA BLANCA;El Camino Del Fuego;ARG;47000
LP;RATA BLANCA;El Camino Del Fuego;ARG;47000
LP;RATA BLANCA;El Libro Oculto;ARG;40000
LP;RATA BLANCA;Entre El Cielo Y El Infierno;ARG;74000
CD;RAVEN;All For One (SHM-CD Cardboard Sleeve Mini LP) [UICY-93884] ;JAPAN;286500
CD;RAVEN;All For One [Limited Slipcase Bonus Tracks Edition];GERMANY;50500
CD;RAVEN;Rock Until You Drop (SHM-CD Cardboard Sleeve Mini LP) [UICY-93882];JAPAN;286500
CD;RAVEN;Wiped Out (SHM-CD Cardboard Sleeve Mini LP) [UICY-93883];JAPAN;286500
CD;RAVENBANNER;.. And Ravens Sign Our Glorious Past [Digipack];GREECE;22500
CD;RAVENBANNER;.. And Ravens Sign Our Glorious Past [Digipack];GREECE;22500
CD;RED HOT CHILI PEPPERS;Blood Sugar Sex Magik;ARG;10000
CD;RED HOT CHILI PEPPERS;Blood Sugar Sex Magik;ARG;10000
CD;RED HOT CHILI PEPPERS;Mothers Milk [Remaster];GERMANY;27500
CD;RED HOT CHILI PEPPERS;One Hot Minute;ARG;10500
CD;RED HOT CHILI PEPPERS;One Hot Minute;GERMANY;18500
CD;RED HOT CHILI PEPPERS;Unlimited Love [Digipack];ARG;13000
LP;REX BROWN;Smoke On This [180 Gram Colored Vinyl];USA;77000
CD;RICHIE KOTZEN;SALTING EARTH;USA;44000
CD;RICHIE KOTZEN;Wave Of Emotion;ARG;18000
CD;RICHIE KOTZEN;What Is…;ARG;18000
LP;RICHIE SAMBORA;Stranger In This Town [180g Audiophile Vinyl];NETHERLANDS;98500
CD;RICKY WARWICK;When Patsy Cline Was Crazy / Hearts on Trees [2CD];USA;60500
CD;RILEY GREEN;Different Round Here;USA;51000
CD;RISING CRYPTS;1013;ARG;6500
CD;RIVERDOGS;California;ITALY;52500
CD;RIVERDOGS;California;ITALY;52500
CD;RIVERSIDE;ID.ENTITY;UK;60500
CD;ROB LAMOTHE;Gravity [Deluxe Limited Edition 2CD Digipack];GERMANY;55500
LP;ROB ZOMBIE;Astro-Creep: 2000 Live Songs Of Love, Destruction And Other Synthetic;USA;73000
LP;ROB ZOMBIE;Astro-Creep: 2000 Live Songs Of Love, Destruction And Other Synthetic;USA;73000
CD;ROB ZOMBIE;Hellbilly deluxe 2;USA;52000
CD;ROB ZOMBIE;Hellbilly deluxe 2;USA;52000
CD;ROB ZOMBIE;Past Present & Future [CD+DVD Digipack];USA;20500
CD;ROBBEN FORD AND THE BLUE LINE;Live At Montreux Jazz Festival 1993 [Limited Slipcase Edition CD+DVD];UK;87000
CD;Robben Ford Paul Personne Ron Thal Bumblefoot;Lost In Paris Blues Band ;GERMANY;85000
CD;ROBERT CRAY;Robert Cray And Hi Rhythm [Digipack];USA;55500
LP;ROBERT PLANT;Saving Grace [Fruit Punch Colored Vinyl Indie D2C Exclusive];USA;82000
CD;ROBERT PLANT AND THE  SENSATIONAL SPACE SHIFTERS;lullaby and… The Ceaseless Roar [Digipack];ARG;15500
CD;ROBIN BECK;Underneath;UK;64000
CD;ROBIN MCAULEY;Alive;ITALY;52000
BR;ROGER WATERS;This Is Not A Drill Live From Prague [Digipack];GERMANY;98000
CD;ROMPENUBES;II;ARG;15500
CD;RUNNING WILD;Branded and Exiled-Expanded Version [2017 Remaster);GERMANY;69000
CD;RUNNING WILD;Gates to Purgatory-Expanded Version (2017 Remaster);GERMANY;73000
CD;RUSH;Working Men [Digipack];CANADA;16500
CD;RYAN MARTIN;Gimme Some Light [Digipack];USA;55000
CD;SABAOTH;Windjourney [Digipack];ARG;7500
CD;SABATON;Legends [2CD Digibook Storyteller Edition];GERMANY;79000
CD;SACRED REICH;Awakening;ARG;12500
CD;SACRED REICH;Ignorance;ARG;12500
CD;SACRED REICH;Surf Nicaragua;ARG;12500
CD;SACRED REICH;The American Way;ARG;12500
CD ;SAL VALENTINO feat. The Jackie Greene Band;Positively 12th & K: Bob Dylan Tribute;USA;47500
CD;Same Egg GRIMES BURRELL PETTINATO SOREY;Same Egg [2CD];ARG;9500
CD;SAMSON;Rutas Peligrosas;ARG;7500
CD;SAMSON;Rutas Peligrosas;ARG;7500
CD;SAMSON;Rutas Peligrosas;ARG;7500
LP;SAMSON;Survivors [Collectors Coloured Milky Clear Vinyl Edition];USA;63500
CD;SARAH MCLACHLAN;Afterglow ;USA;40500
CD;SAXON;Carpe Diem [Limited Slipcase Edition];ARG;13500
CD;SAXON;Destiny [Digipack];GERMANY;44500
LP;SAXON;Hell Fire And Damnation;CZECH REPUBLIC;102500
CD;SCORPIONS;Comeblack;GERMANY;26000
CD;SCORPIONS;Return To Forever Limited Deluxe Edition +4 Bonus Tracks;GERMANY;32500
CD;SCOUR;Gold;USA;51000
CD;SCREAMER;Kingmaker [Slipcase];BRAZIL;21500
CD;SCUMBAG MILLIONAIRE;Poor and Infamous [Digipack];SWEDEN;25000
CD;SEAL;Soul Live [CD+DVD];ARG;8000
CD;SEAL;Soul Live [CD+DVD];ARG;10000
CD;SEBASTIAN BACH;Child Within The Man;GERMANY;37000
CD;SEBASTIAN BACH;Kicking & Screaming [Deluxe Edition CD+DVD Digipack];ARG;18500
CD;SEPTICFLESH;In The Flesh Part II [4CD Revolution DNA / Sumerian Daemons / Communion / The Great Mass];USA;73500
CD;SEPULTURA;Morbid Visions / Bestial Devastation EP [Remastered];GERMANY;17000
CD;SEPULTURA;Schizophrenia (Remastered Bonus Tracks);BRAZIL;20000
CD;SERGIO CH (Los Natas);1974;ARG;33500
CD;SERGIO CH (Los Natas);1974;ARG;33500
CD;SERGIO CH (Los Natas);1974;ARG;33500
CD;SERPENTOR;Sacerdote Del Horror [Slipcase];ARG;7500
CD;SERPENTOR;Sacerdote Del Horror [Slipcase];ARG;7500
CD;SERPENTOR;Sacerdote Del Horror [Slipcase];ARG;7500
CD;SEX PISTOLS;The Original Recordings [Digipack];ARG;9500
LP;Shaman's Harvest;Smokin' Hearts & Broken Guns;Holland;80500
LP;Shaman's Harvest;Smokin' Hearts & Broken Guns;Holland;80500
CD;Shaman's Harvest;Smokin Hearts & Broken Guns [Digipack];USA;42500
CD;Shaman's Harvest;Smokin Hearts & Broken Guns [Digipack];USA;42500
CD;Shinedown;Threat To Survival;CD;49500
CD;SHOOTER JENNINGS;Shooter [Digipack];USA;46000
CD;SIGUR ROS;Takk… [20th Anniversary Remaster Digipack];GERMANY;46500
CD;Silent Force;Rising From Ashes;GERMANY;50000
CD;SILVERTIDE;Show & Tell;USA;36500
CD;Sinister;Dark Memorials (Limited Digipack + DVD);GERMANY;63000
LP;SIX FEET UNDER;Killing For Revenge [Bloodshot Vinyl];GERMANY;74500
LP;SIXX A.M.;Prayers For The Damned & Blessed [3LP Deluxe Limited Edition Smoke Vinyl];USA;161500
CD;SKID ROW;Revolutions Per Minute [Digipack];GERMANY;48000
CD;Skid Row;Youth gone wild;USA;29500
CD;Skiltron;The clans have united;ARG;19500
LP;SLASH;4 (Feat. Myles Kennedy And The Conspirators) [Walmart Exclusive Red Vinyl];USA;91000
LP;SLASH;Live At The S.E.R.P.E.N.T. Festival [3LP Black Vinyl Gatefold Jacket];GERMANY;130500
LP;SLASH;Live At The S.E.R.P.E.N.T. Festival [Limited Colored 3LP Edition];GERMANY;146500
LP;SLASH;Living The Dream (2LP 180gr.);UK;72000
LP;SLASH;Orgy Of The Damned [2LP];USA;56500
LP;SLASH;World On Fire;USA;73000
CD;SLASH feat. Myles Kennedy & The Conspirators;Conspiracy Series Volume 1 (SHM-CD) [UICN-1098];JAPAN;150000
CD;SLAUGHTER TO PREVAIL;Chapters Of Misery [Digipack];USA;41000
CD;SLAUGHTER TO PREVAIL;Kostolom [Digipack];USA;41000
CD;SLAUGHTER TO PREVAIL;Misery Sermon [Digipack];CZECH REPUBLIC;41000
CD;Slayer;Diabolus In Musica ;UK;43000
CD;Slayer;Divine Intervention;UK;43000
CD;Slayer;God Hates Us All;UK;43000
CD;Slayer;Repentless;ARG;17500
CD;Slayer;Undisputed Attitude;UK;37500
CD;SLEEP;Dopesmoker [2CD Cardboard Sleeve Mini LP Limited Edition] [DYMC-165/6];JAPAN;155000
LP;SLIPKNOT;We Are Not Your Kind (2LP);CANADA;82500
CD;SOCIAL DISTORTION;Original Album Classics [3CD Box Set];GERMANY;49500
CD;SODA STEREO;Septimo Dia No Descansare Cirque Du Soleil [Digipack];ARG;21000
LP;SODOM;Tapping The Vein [Limited Edition Superdeluxe Bookpack 3LP+2CD];CZECH REPUBLIC;316000
CD;SODOM;The Arsonist [Digipack];GERMANY;47500
CD;SOEN;Atlantis [CD+DVD];ARG;10000
CD;SOFT SUN;Daylight In The Dark [Digipack];USA;46500
CD;SOLEDAD;20 Años [CD+DVD];ARG;28000
SACD;SON HOUSE;Father of Folk Blues (Hybrid SACD Bonus Track);AUSTRIA;106500
CD;SONATA ARCTICA;Stones Grows Her Name;GERMANY;48000
LP;SOUL ASYLUM;After The Flood: Live From The Grand Forks Prom, June 28, 1997 [RSD 2025 Exclusive 2LP];USA;109500
CD;SOUNDGARDEN;Superunknown [Deluxe Edition 2CD];USA;79500
CD;Spinetta;Don lucero;ARG;17500
LP;SPIRITS OF FIRE;Spirits Of Fire (2LP);ITALY;73500
LP;SPRINGSTEEN;Deliver Me From Nowhere [feat. Jeremy Allen White - Original Motion Picture Soundtrack] [Limited Edition 2lp Asbury Gray Vinyl];USA;123000
CD;STAGE DOLLS;Stage Dolls + Bonus Tracks;FRANCE;49500
"10""";STAR WARS;The Force Awakens [Limited Edition Picture Disc RSD 2016];USA;124000
LP;STEELY DAN;Gaucho;USA;87000
CD;STEPHEN PEARCY;SMASH;ITALY;60000
LP;STEPHEN STILLS ;Just Roll Tape: April 26th 1968 (180 Gram Vinyl Pressing);USA;73000
LP;STEVE EARLE & THE DUKES;Guy (2LP);USA;58500
CD;STEVIE SALAS;Jam Power [YRCG-90045];JAPAN;94500
CD;Strapping Young Lad;Alien CD+DVD;GERMANY;135500
CD;Strapping Young Lad;The New Black;GERMANY;43000
CD;STRATOVARIUS;Survive (Limited Edition 2CD) [VIZP-173];JAPAN;200000
CD;STRAY DOG;Stray dog (20 Bit Digital K2 Super Coding Cardboard Sleeve Mini LP) [VICP-62746];JAPAN;86000
CD;SUFFOCATION;Human Waste [EP];GERMANY;50500
LP;SUFFOCATION;Hymns From The Apocrypha [Brown w/White Splatter Vinyl];GERMANY;89000
CD;SUI GENERIS;Adiós Sui Géneris [50 Años Edición Aniversario 2CD Digipack] ;ARG;34500
CD;SUI GENERIS;"En Estudio (Vida; Confesiones De Invierno; Pequeñas Anécdotas Sobre Las Intituciones) [3CD Box Set]";ARG;22000
CD;SUI GENERIS;"En Estudio (Vida; Confesiones De Invierno; Pequeñas Anécdotas Sobre Las Intituciones) [3CD Box Set]";ARG;22000
CD;Suicidal Tendencies;How Will I Laugh Tomorrow;USA;39000
CD;Suicidal Tendencies;Suicidal For Life [ESCA-5997];JAPAN;73000
CD;SUICIDE BOMBERS;All For The Candy;SWEDEN;48000
CD;SUICIDE BOMBERS;Murder Couture;SWEDEN;48000
CD;SUICIDE BOMBERS;Sex Tapes;SWEDEN;48000
CD;SUICIDE BOMBERS;Suicide Idols;SWEDEN;45000
CD;SUMO;Divididos Por La Felicidad [Digipack];ARG;17500
CD;SUPERSUCKERS;Play That Rock -N- Roll [Digipack];USA;42000
CD;SURVIVOR;Eye Of The Tiger [Collector's Edition Remastered & Reloaded];UK;68000
CD;SURVIVOR;When Seconds Count [Collector's Edition Remastered & Reloaded];UK;68000
CD;SUTRAH / STILTE;SUTRAH / STILTE Spit;ARG;19500
CD;Symphony X;Iconoclast (Special Edition 2CD Digipack);USA;56000
CD;TAMESIS;Aprendiendo A Volar;ARG;11000
CD;TAMESIS;Aprendiendo A Volar;ARG;11000
CD;TAMESIS;Aprendiendo A Volar;ARG;11000
CD;TAMESIS;Aprendiendo A Volar;ARG;11000
CD;TAMESIS;Aprendiendo A Volar;ARG;11000
CD;TAMESIS;Contra La Corriente Digipack;ARG;11000
CD;TAMESIS;Contra La Corriente Digipack;ARG;11000
CD;TAMESIS;Contra La Corriente Digipack;ARG;11000
CD;TAMESIS;Contra La Corriente Digipack;ARG;11000
CD;TAMESIS;Contra La Corriente Digipack;ARG;11000
CD;TAMESIS;Contra La Corriente Digipack;ARG;11000
CD;TANKARD;RIB [Limited Digibook CD+DVD];GERMANY;74500
CD;TARJA;Circus Life [2CD+BR Digipack];GERMANY;63500
CD;TARJA;Circus Life [2CD+BR Digipack];GERMANY;63500
CD;TARJA;Left In The Dark [Digipack];GERMANY;45500
CD;TARJA;The Brightest Void [Digipack];ARG;25000
CD;TAYLOR SWIFT;Speak Now (Taylor's Version) [2CD];ARG;16000
CD;TAYLOR SWIFT;Speak Now (Taylor's Version) [2CD];ARG;16000
CD;TAYLOR SWIFT;Speak Now (Taylor's Version) [2CD];ARG;16000
CD;TAYLOR SWIFT;Speak Now (Taylor's Version) [2CD];ARG;16000
CD;TAYLOR SWIFT;Speak Now (Taylor's Version) [2CD];ARG;16000
CD;TAYLOR SWIFT;Speak Now (Taylor's Version) [2CD];ARG;16000
CD;TAYLOR SWIFT;Speak Now (Taylor's Version) [2CD];ARG;16000
CD;TAYLOR SWIFT;Speak Now (Taylor's Version) [2CD];ARG;16000
CD;TEDESCHI TRUCKS BAND;Everybody's Talkin' [SICP-3474/5];JAPAN;112500
CD;TEDESCHI TRUCKS BAND;Let Me Get By [2 CD][Deluxe Edition];USA;74500
CD;TEDESCHI TRUCKS BAND;Made Up Mind [SICP-3873];JAPAN;82000
CD;TEDESCHI TRUCKS BAND;Revelator (Deluxe Edition CD+DVD) [SICP-3405/6];JAPAN;360500
CD;TEDESCHI TRUCKS BAND;Signs [SHM-CD] [UCCO-1203] ;JAPAN;73500
LP;TERENCE TRENT D'ARBY;Introducing The Hardline According To Terence Trent D'Arby Now Known As Sananda Maitreya;GERMANY;87000
CD;TESTAMENT;Titans Of Creation;ARG;15500
CD;THE ALAN PARSONS PROJECT;Tales of Mystery and Imagination Edgar Allan Poe (Deluxe Edition 2CD Cardboard Sleeve Mini LP SHM-CD) [UICY-93860/1];JAPAN;135500
BOX;THE ALLMAN BROTHERS BAND;1971 FILLMORE EAST RECORDINGS 6CD Box Set;USA;309000
CD;THE ALLMAN BROTHERS BAND;Beginnings (Cardboard Sleeve Mini LP ) [PHCR-94005];JAPAN;88000
CD;THE ALLMAN BROTHERS BAND;"Original Album Classics (5CD: Seven Turns; Shades Of Two Worlds; An Evening With The Allman Brothers Band First Set; Where It All Begins; An Evening With The Allman Brothers Band Second Set";USA;64500
CD;THE ALLMAN BROTHERS BAND;Play All Night  Live At The Beacon Theatre 1992 (2CD) [EICP-1602/3];JAPAN;82000
CD;THE ALLMAN BROTHERS BAND;Reach For The Sky [SICP-5588];JAPAN;61000
CD;THE BALLADMONGRELS (Matty James Cassidy & Tyla J. Pallas);Trouble;UK;52000
CD;THE BAND OF HEATHENS;Live At Rockpalast 2009 [CD+DVD Digipack];GERMANY;60000
LP;THE BEATLES;1964 US Albums (In Mono) [8LP Box Set 180-gram audiophile pressing];FRANCE;962500
LP;THE BEATLES;Anthology Collection [Remastered 2025 Edition 12LP Box Set];GERMANY;1257500
CD;THE BEATLES;The Beatles 1967-1970 (The Blue Album) [3CD];GERMANY;44500
LP;THE BLACK CROWES;Before The Frost / Until The Freeze (2LP 180g);USA;418500
CD;THE BROTHERS;March 10, 2020 / Madison Square Garden / New York, NY [4CD Digipack];USA;130000
LP;The Cadillac Three;Bury Me In My Boots [2 LP];USA;82000
LP;THE CLASH;The Clash;USA;73000
CD;THE CORRS;White Light;ARG;9500
LP;THE CRANBERRIES;Mtv Unplugged;USA;89500
CD;THE CRANBERRIES;No Need To Argue [2CD 30th Anniversary Edition];USA;64000
CD;THE CULT;Ceremony;ENGLAND;43500
LP;THE CULT;Choice Of Weapon [2LP Limited Edition Red Black & Purple Black  Vinyl];POLAND;163000
LP;THE CULT;Hidden City [2LP Limited Edition Coloured & Remastered Vinyl];GERMANY;163000
LP;THE CULT;Hidden City Blood Archive Edition 2LP;UK;172500
LP;THE CULT;Hidden City Blood Archive Edition 2LP;UK;172500
LP;THE CULT;Sonic Temple [2LP Translucent Green Vinyl];CZECH REPUBLIC;115000
CD;THE CULT;The Cult;UK;46000
CD;The Dagg;The Dagg;ARG;21500
LP;THE DEAD DAISIES;Light 'Em Up [Marbled Orange/ Red Vinyl];GERMANY;56500
LP;THE DEAD DAISIES;Light 'Em Up [Marbled Orange/ Red Vinyl];GERMANY;56500
CD;THE DEAD DAISIES;US Fall Tour 2022 EP [Digipack];USA;61500
CD;THE DEREK TRUCKS BAND;Joyful Noise [SICP-1642];JAPAN;62500
CD;THE DEREK TRUCKS BAND;Songlines (CD+DVD) [SICP-6097];JAPAN;76000
CD;THE DEREK TRUCKS BAND;The Derek Trucks Band [SICP-1640];JAPAN;43000
CD;THE DOGS D'AMOUR;Live [CD+DVD Digipack];UK;59500
CD;THE EAGLES;Hell Freezer Over;USA;0
CD;THE FUZ;Looking Up [Digipapack];USA;43000
CD;THE GHOST OF PAUL REVERE;Goodbye [Cardboard Sleeve];USA;49500
CD;THE HALO EFFECT;Days Of The Lost;USA;39000
CD;THE HEAD CAT;Rock N' Roll Riot On The Sunset Strip [Digipack];USA;53500
CD;THE HELLACOPTERS;Grande Rock Revisited (2CD) [QATE-10144];JAPAN;74000
LP;THE HELLACOPTERS;Overdriver [Brick Red LP w/ Poster];USA;71500
LP;THE HELLACOPTERS;Overdriver [Brick Red LP w/ Poster];USA;71500
"7""";THE HELLACOPTERS & SPIDERS;Melody / My Obsession [Limited Edition Black Vinyl];SWEDEN;44500
CD;THE JIMI HENDRIX EXPERIENCE;Are You Experienced;UK;11500
CD;THE JIMI HENDRIX EXPERIENCE;Axis: Bold As Love;UK;11500
CD;THE JIMI HENDRIX EXPERIENCE;Electric Ladyland;UK;11500
CD;THE JOHNNY VAN ZANT BAND;Round Two [Collector's Edition Remastered & Reloaded];UK;38000
CD;THE KINKS;State Of Confusion;USA;40500
CD;The Lee Boys;Testify;USA;35500
LP;THE MAGPIE SALUTE;The Magpie Salute;USA;91000
CD;THE MARCUS KING BAND;Carolina Confessions [UCCO-1199];JAPAN;85500
CD;THE MARCUS KING BAND;The Marcus King Band [UCCO-1180];JAPAN;92000
CD;THE MICHAEL GROUP SCHENKER,;Live At The Manchester Apollo 1980 (SHM-CD Cardboard Sleeve Mini LP) [MICP-30200];JAPAN;114500
CD;THE OBSESSED;Incarnate (Ultimate Edition Digipack);USA;51000
LP;THE OCEAN;Rhyacian (RSD 2018 Picture Disc);UK;76000
LP;THE OLD WIND;Feast On Your Gone (Limited Red Vinyl 180g);GERMANY;76000
CD;THE QUIREBOYS;This Is Rock N' Roll II [Digipack];UK;57500
CD;THE RIDES;Pierced Arrow;USA;60500
LP;THE ROLLING STONES;12x5;UK;87000
LP;THE ROLLING STONES;A Bigger Bang (180 GRAM) [Half-Speed Mastered];UK;77000
CD;THE ROLLING STONES;Blue & Lonesome [Digipack];ARG;29000
LP;THE ROLLING STONES;Dirty Work (180 GRAM) [Half-Speed Mastered];UK;59500
CD;THE ROLLING STONES;Made In The Shade (SHM-CD Limited Release Cardboard Sleeve Mini LP) [UICY-78938];JAPAN;53000
CD;THE ROLLING STONES;Made In The Shade (SHM-CD Limited Release Cardboard Sleeve Mini LP) [UICY-78938];JAPAN;53000
CD;THE ROLLING STONES;Rewind (1971-1984) (SHM-CD Limited Release Cardboard Sleeve Mini LP) [UICY-78941];JAPAN;53000
CD;THE ROLLING STONES;Rewind (1971-1984) (SHM-CD Limited Release Cardboard Sleeve Mini LP) [UICY-78941];JAPAN;53000
CD;THE ROLLING STONES;Sticky Fingers (Spanish Version) (SHM-CD Limited Release Cardboard Sleeve Mini LP) [UICY-78937];JAPAN;53000
CD;THE ROLLING STONES;Sticky Fingers (Spanish Version) (SHM-CD Limited Release Cardboard Sleeve Mini LP) [UICY-78937];JAPAN;53000
CD;THE ROLLING STONES;Sticky Fingers (Spanish Version) (SHM-CD Limited Release Cardboard Sleeve Mini LP) [UICY-78937];JAPAN;53000
CD;THE ROLLING STONES;Sticky Fingers (Spanish Version) (SHM-CD Limited Release Cardboard Sleeve Mini LP) [UICY-78937];JAPAN;53000
CD;THE ROLLING STONES;Sticky Fingers (Spanish Version) (SHM-CD Limited Release Cardboard Sleeve Mini LP) [UICY-78937];JAPAN;53000
CD;THE ROLLING STONES;Sucking In The Seventies (SHM-CD Limited Release Cardboard Sleeve Mini LP) [UICY-78940];JAPAN;53000
CD;THE ROLLING STONES;Sucking In The Seventies (SHM-CD Limited Release Cardboard Sleeve Mini LP) [UICY-78940];JAPAN;53000
LP;THE ROLLING STONES;The Rolling Stones [Limited Numbered RSD Exclusive Coloured Vinyl];UK;95000
CD;THE ROLLING STONES;Time Waits For No One: Anthology 1971-1977 (SHM-CD Limited Release Cardboard Sleeve Mini LP) [UICY-78939];JAPAN;53000
CD;THE ROLLING STONES;Time Waits For No One: Anthology 1971-1977 (SHM-CD Limited Release Cardboard Sleeve Mini LP) [UICY-78939];JAPAN;53000
CD;THE SMILE;Wall Of Eyes [Digipack];USA;60000
CD;THE SMITH;The Queen Is Dead [2CD Digipack];USA;61000
CD;The Steeldrivers;The Steeldrivers;USA;53500
LP;THE THREE TREMORS;The Three Tremors (2LP);USA;56000
CD ;THE TURNPIKE TROUBADOURS;The Turnpike Troubadours [Digipack];USA;42500
LP;THE VERVE;No Come Down (B Sides & Outtakes);NETHERLANDS;53000
CD;THE WHITE BUFFALO;Darkest Darks, Lightest Lights [Digipack];USA;49500
CD;THE WHITE BUFFALO;Darkest Darks, Lightest Lights [Digipack];USA;49500
CD;THE WHO;My Generation [Deluxe Edition 2CD];UK;27500
"10""";THE WILDHEARTS;DIAGNOSIS (33 ⅓ RPM, Mini-Album);UK;73000
CD;THE WILDHEARTS;Never Outdrunk Never Outsung: Phuq Live [2CD Digipack];UK;115000
CD;THE WILDHEARTS;Renaissance Men [VJR-3219];JAPAN;79000
LP;THIN LIZZY;Jailbreak (Alternative Versions) [RSD 2025 Exclusive Limited Edition];NETHERLANDS;99000
LP;THIN LIZZY;Live And Dangerous At Hammersmith 14 Nov 1976 [2LP];CZECH REPUBLIC;53000
CD;THIN LIZZY;Shades Of A Blue Orphanage (SHM-CD Cardboard Sleeve Mini LP) [UICY-80641];JAPAN;91500
LP;THIN LIZZY;Shades Of A Blue Orphanage [Gatefold Jacket];UK;151000
LP;THIN LIZZY;Thin Lizzy';UK;151000
LP;THIN LIZZY;Vagabonds Of The Western World;UK;151000
CD;THIN LIZZY;Vagabonds Of The Western World (SHM-CD Cardboard Sleeve Mini LP) [UICY-80642];JAPAN;91500
CD;THOR;El Pacto;ARG;15000
CD;THRESHOLD;Dividing Lines;USA;49500
CD;THUNDER;Live At Donington 1990 & 1992 [2CD+DVD];UK;73000
CD;TIMO TOLKKI'S AVALON;Angels Of The Apocalypse [Digipack];ITALY;49500
CD;TODOS TUS MUERTOS;Dale Aborigen;ARG;11000
CD;TOM PETTY & THE HEARTBREAKERS;Hypnotic Eye;USA;42000
CD;TOOL;Opiate;GERMANY;20000
DVD;TOOL;Parabola [Digipack];USA;30500
DVD;TOOL;Schism [Digipack];USA;31000
CD;TRAIN;Bulletproof Picasso;ARG;9500
CD;TRANSATLANTIC;Kaleidoscope [Deluxe Edition 2CD+DVD Digipack];USA;73000
CD;TRAVIS TRITT;A Man and His Guitar (Live From the Franklin Theatre) [Deluxe Edition 2CD Digipack];USA;27500
CD;TRICK OR TREAT;Rabbit´s Hill Pt.1 [Digipack];ITALY;64000
CD;TRIGGER HIPPY;Live At Wanne Festival 2012;CD;54000
LP;TRIGGER HIPPY;Trigger Hippy 2LP;USA;85500
CD;TRIOLOGY;The Slow Road [Digipack];CANADA;40000
CD;TUK SMITH & THE RESTLESS HEARTS;Ballad of A Misspent Youth [SICX-195];JAPAN;75000
CD;TUK SMITH & THE RESTLESS HEARTS;Rogue to Redemption [SICX-201];JAPAN;76000
CD;TURBOCOOPERS;Argentinaction Rock [Digipack Limited To 300 Copies];ARG;5000
CD;TURBOCOOPERS;Rock N' Roll Dealers;ARG;13500
CD;TWICE;Strategy (Step 4 Ver.) [Digipack];KOREA;52000
CD;TYLA J PALLAS;DEVIL'S SUPPER (ELECTRIC SITTING);UK;54000
CD;TYLA J PALLAS;DEVIL'S SUPPER (ELECTRIC SITTING);UK;54000
CD;TYLA J PALLAS;THE EXTRAORDINARILY FINE LINE BETWEEN LOVE & HATE [2CD];UK;53500
CD;TYLA'S DOGS D'AMOUR;In Vino Veritas;UK;63000
CD;TYLA'S DOGS D'AMOUR;Nocturnal Nomad 20TH Anniversary Edition (2CD+DVD);UK;69000
CD;TYR;Hel [Digipack];GERMANY;50000
CD;U.D.O.;Live in Bulgaria 2020 - Pandemic Survival Show [2CD+BR Digipack];GERMANY;72000
CD;U2;How to Dismantle an Atomic Bomb [1st Press];USA;51000
CD;U2;No Line On The Horizon;USA;56500
CD;U2;Pop [1st Press];USA;48500
CD;UFO;Obsession [2SHM-CD] [MICP-30197];JAPAN;97000
CD;UNCLE KRACKER;Double Wide;USA;45500
CD;UNCLE KRACKER;Happy Hour;USA;45500
CD;UNISONIC;Unisonic;ARG;17500
CD;UNISONIC;Unisonic;ARG;17500
LP;V.A.;A Tribute To The Hellacopters Southamerica To The Max! (Limited to 100 Copies);USA;104500
LP;V.A.;A Tribute To The Hellacopters Southamerica To The Max! (Limited to 100 Copies);USA;104500
LP;V.A.;A Tribute To The Hellacopters Southamerica To The Max! (Limited to 100 Copies);USA;104500
CD;V.A.;An All Star Lineup Performing The Songs Of Pink Floyd [Limited Collector's Edition 2CD Digipack];ARG;14000
CD;V.A.;Open Folk Volumen 1 [Digipack];ARG;15500
CD;V.A.;Raza Metalica;ARG;11000
CD;V.A.;SSIK ACTION! A High Energy Tribute To The Hottest Band In The World [Limited Digipack Edition To 300 Copies];ARG;10500
LP;V.A.;SSIK ACTION! A High Energy Tribute To The Hottest Band In The World [Limited Edition To 300 Copies];SPAIN;76500
CD;V.A.;Taking Woodstock (OST);ARG;11000
LP;V.A.;Turbonegro Must Be Destroyed;SWEDEN;76500
CD;V.A.;Walkin' After Midnight: The Music Of Patsy Cline [CD+BR];USA;53000
CD;V.A.;William Shakespeare's Hamlet 2CD;ARG;11000
CD;VALENTINE SALOON;Super duper;USA;9000
LP;VAN HALEN;Balance [2LP Expanded Edition];GERMANY;114000
CD;VAN HALEN;Live: Right Here Right Now [2CD];GERMANY;28000
CD;VAN HALEN;Live: Right Here Right Now [2CD];GERMANY;28000
BOX;VAN HALEN;Van Halen [Deluxe 4CD Box Set Van Halen / 1984 / Tokyo Dome In Concert];UK;87000
CD;VAN MORRISON;Moon Dance;USA;15500
CD;VAN ZANT;Always Look Up;ITALY;34500
CD;VANTHRA;Vanthra [CD+DVD];ARG;10000
CD;VARGAS BLUES BAND;Gipsy Boogie;UK;20500
CD;VELOCIDAD 22;Alcohol Y Gasolina;ARG;10000
CD;VELOCIDAD 22;Culto Al Acero;ARG;10000
CD;VELOCIDAD 22;Metalcoholización;ARG;10000
CD;VELVET REVOLVER;Libertad;ARG;5500
CD;VINCENT MASON;There I Go;USA;48000
CD;VINTAGE TROUBLE;The Bomb Shelter Sessions [Digipack];USA;28000
CD;VIO-LENCE;Let The World Burn;ARG;12500
CD;VIPER;To Live Again Live In Sao Paolo [Slipcase];BRAZIL;23000
CD;VITICO;Ha Llegado La Hora [Limited Edition Obi Strip};ARG;9000
CD;VITICO;Ha Llegado La Hora [Limited Edition Obi Strip};ARG;9000
CD;VITICO;Ha Llegado La Hora [Limited Edition Obi Strip};ARG;9000
CD;VITICO;No Se Si Voy A Volver;ARG;15500
CD;VITICO;No Se Si Voy A Volver [Limited Edition Obi Strip];ARG;9000
CD;VITICO;No Se Si Voy A Volver [Limited Edition Obi Strip];ARG;9000
CD;VITICO;No Se Si Voy A Volver [Limited Edition Obi Strip];ARG;9000
CD;VITICUS;Equilibrio [Digipack];ARG;12000
CD;VITICUS;Equilibrio [Digipack];ARG;12000
CD;VITICUS;Equilibrio [Digipack];ARG;12000
CD;VITICUS;Equilibrio [Digipack];ARG;12000
CD;VITICUS;Equilibrio [Digipack];ARG;12000
CD;VITICUS;Equilibrio [Digipack];ARG;12000
CD;VITICUS;Equilibrio [Digipack];ARG;12000
CD;VITICUS;Equilibrio [Digipack];ARG;12000
CD;VITICUS;Equilibrio [Digipack];ARG;12000
CD;VITICUS;Equilibrio [Digipack];ARG;12000
CD;VITICUS;Equilibrio [Digipack];ARG;12000
CD;VITIKEN;Vitiken [Limited Edition Obi Strip];ARG;9000
CD;VITIKEN;Vitiken [Limited Edition Obi Strip];ARG;9000
CD;VITIKEN;Vitiken [Limited Edition Obi Strip];ARG;9000
CD;VOLTO!;Incitare [Digipack};USA;54500
CD;WALTER TROUT;Sign Of The Times;NETHERLANDS;48500
LP;WARAGE;Die Organisation Des Todes [Limited To 300 Copies];FRANCE;198000
CD;WARRANT;Dirty Rotten Filthy Stinking Rich;USA;21000
CD;WARREN HAYNES;Warren Haynes Presents: The Benefit Concert Volume 20 30th Anniversary Christmas Jam [3CD+2BR Box Set];NETHERLANDS;57500
CD;WARREN ZEVON;Learning to Flinch;USA;23500
LP;WHISKEY MYERS;Early Morning Shakes [2LP UK Re-issue Bonus Tracks Gatefold Sleeve];NETHERLANDS;47500
CD;WHITE LION;Return Of The Pride [KICP-1268];JAPAN;129000
LP;WHITNEY ROSE;South Texas Suite;USA;51000
CD;WICKED SENSATION;Adrenaline Rush;UK;99000
CD;WILLIE NELSON;American Outlaw: All Star Concert [Deluxe Edition 2CD+DVD];USA;87500
CD;WILLIE NELSON;Long Story Short: Willie Nelson 90 Live At The Hollywood Bowl [2CD+BR Digipack];USA;131000
CD;WILLIE NELSON;Workin' Man: Willie Sings Merle;USA;43500
CD;WINGER;Better Days Comin;ITALY;39000
CD;WINGER;Chapter One Atlantic Years 1988-1993 [Limited Edition 4CD Digipack Box Set];CZECH REPUBLIC;189000
CD;WINO;Create Or Die [Digipack];USA;52000
CD;WISHBONE ASH;Live dates Volume two 2CD Cardboard Sleeve Mini LP SHM-CD [UICY-94496/7];JAPAN;227500
CD;WITCHERY;Nightside;GERMANY;33000
CD;WITCHERY;Symphony For The Devil [Digipack];GERMANY;33000
CD;WITCHFYNDE;Give´Em Hell;UK;63500
CD;WITHIN TEMPTATION;Let Us Burn [2CD+DVD Digipack];USA;130000
CD;WITHIN THE RUINS;Phenomena II;USA;33000
CD;WOLFMOTHER;Victorious;USA;43000
CD;YNGWIE MALMSTEEN;Concerto suite for electric guitar and orchestra in e flat minor op.1;UK;63000
CD;YNGWIE MALMSTEEN;The best of 1990-1999;UK;21000
CD;ZAC BROWN BAND;Love & Fear [Digipack];USA;37500
CD;ZACH BRYAN;American Heartbreak [2CD];GERMANY;47500
LP;ZACH BRYAN;American Heartbreak [3LP];USA;145500
LP;ZACH BRYAN;The Great American Bar Scene [2LP];USA;132000
CD;ZACH BRYAN;Zach Bryan;GERMANY;46500
CD;ZAKK SABBATH;Vertigo [Digipack];USA;32000
CD;ZAKK WYLDE;Book Of Shadows [Digipack];USA;33000
CD;ZAKK WYLDE;Book Of Shadows II [Digipack] [VICP-65377];JAPAN;121500
CD;ZAZ;Recto Verso [Digipack];ARG;15500
CD;ZOOFILIA;El Orden Del Caos + Ensayos Del Caos [2CD Tin Case];ARG;11500
CD;ZOOFILIA;Sangradas Escrituras [Digibook];ARG;8500
BR;ZZ TOP;That Little Ol' Band From Texas [BR+DVD];USA;98500
LP;ZZ TOP;Tres Hombres [180g High Performance Vinyl];GERMANY;69500
CD;М8Л8ТХ ;Reconquista [Digipack];UKRAINE;45000
CD;М8Л8ТХ ;Reconquista [Digipack];UKRAINE;45000
CD;М8Л8ТХ ;Reconquista [Digipack];UKRAINE;45000
CD;М8Л8ТХ ;Reconquista [Digipack];UKRAINE;45000
CD;М8Л8ТХ ;Reconquista [Digipack];UKRAINE;45000
